unitid,DRVHR2017_RV.Total FTE staff,DRVHR2017_RV.Research FTE,DRVC2017_RV.Doctor's degree - research/scholarship,EF2017D_RV.Student-to-faculty ratio,DRVHR2017_RV.Average salary equated to 9 months of full-time instructional staff - professors,DRVHR2017_RV.Average salary equated to 9 months of full-time instructional staff - associate professors,ADM2017_RV.Applicants total,ADM2017_RV.Enrolled total,S2017_OC.Occupation and full- and part-time status,S2017_OC_RV.Grand total,S2017_OC_RV.Nonresident alien total,S2017_SIS_RV.Professors,S2017_SIS_RV.Associate professors,S2017_SIS_RV.Assistant professors,institution name,HD2017.Institution name alias,HD2017.Street address or post office box,HD2017.City location of institution,HD2017.State abbreviation,HD2017.ZIP code,HD2017.Longitude location of institution,HD2017.Latitude location of institution,IC2017.Combined charge for room and board,IC2017_AY.Out-of-state average tuition full-time graduates,ADM2017_RV.Applicants total,ADM2017_RV.Enrolled total
100663,8686,0,126,19,133824,92572,7555,2299,"Graduate Assistants, total",513,169,704,608,813,University of Alabama at Birmingham,,Administration Bldg Suite 1070,Birmingham,Alabama,35294-0110,-86.799345,33.505697,,17910,7555,2299
100706,1415,0,41,16,126184,93599,4454,1352,"Graduate Assistants, total",384,168,62,105,95,University of Alabama in Huntsville,UAH |University of Alabama Huntsville,301 Sparkman Dr,Huntsville,Alabama,35899,-86.640449,34.724557,9748,22696,4454,1352
100751,6166,0,245,23,145143,96886,38129,7407,"Graduate Assistants, total",1555,403,311,337,461,The University of Alabama,,739 University Blvd,Tuscaloosa,Alabama,35487-0166,-87.545978,33.211875,,28100,38129,7407
100858,5742,21,289,19,123177,89733,18072,4836,"Graduate Assistants, total",2113,793,411,377,356,Auburn University,,,Auburn,Alabama,36849,-85.488258,32.599378,,28026,18072,4836
102094,2703,0,39,18,86141,67922,5898,1886,"Graduate Assistants, total",263,0,169,164,313,University of South Alabama,,307 N University Blvd,Mobile,Alabama,36688-0002,-88.178711,30.696033,,15156,5898,1886
102614,1985,515,49,11,106896,88890,1631,804,"Graduate Assistants, total",321,81,89,103,96,University of Alaska Fairbanks,UAF,505 South Chandalar Drive,Fairbanks,Alaska,99775-7500,-147.823146,64.857560,,19580,1631,804
104151,8272,131,508,20,144769,102877,24127,7874,"Graduate Assistants, total",3360,1534,622,468,465,Arizona State University-Tempe,"ASU Tempe, ASU Main",University Drive and Mill Avenue,Tempe,Arizona,85287,-111.934383,33.417721,,24320,24127,7874
104179,10344,723,442,15,130840,92882,33608,7360,"Graduate Assistants, total",2741,918,752,449,509,University of Arizona,"UA|U of A|Arizona|UofA|The University of Arizona|University of Arizona|University of Az|AZ|Univ. of Arizona|Univ. of Az|Tucson|Tucson, AZ|the university of Arizona|the Univ. of Az|the U of AZ|the U of Az|Ariz.|Arizona University|Az+university|85721|AZ+univ|AZ university|",1401 E University,Tucson,Arizona,85721-0066,-110.950815,32.232672,,31463,33608,7360
104717,5798,0,181,19,79246,79164,32734,3515,"Graduate Assistants, total",29,0,7,23,81,Grand Canyon University,,3300 W Camelback Rd,Phoenix,Arizona,85017,-112.129929,33.513231,,9737,32734,3515
105330,3376,19,38,19,106171,77652,36875,5900,"Graduate Assistants, total",631,94,300,218,251,Northern Arizona University,NAU,"1900 S. Knoles Dr., Babbitt Administrative Center, Room 200",Flagstaff,Arizona,86011-4092,-111.653724,35.188449,,17915,36875,5900
106245,1531,3,26,14,86183,70081,2109,742,"Graduate Assistants, total",267,138,136,125,102,University of Arkansas at Little Rock,UA Little Rock|University of Arkansas-Little Rock|Arkansas Little Rock|,2801 S University Ave,Little Rock,Arkansas,72204,-92.339778,34.723254,,17400,2109,742
106263,4879,243,41,10,106451,92665,,,"Graduate Assistants, total",176,37,41,51,95,University of Arkansas for Medical Sciences,UAMS,4301 W Markham,Little Rock,Arkansas,72205-7199,-92.320046,34.749048,,15307,,
106397,5209,21,168,18,124776,91825,21715,5066,"Graduate Assistants, total",1574,483,336,233,256,University of Arkansas,University of Arkansas|Arkansas,Administration Bldg 425,Fayetteville,Arkansas,72701,-94.176981,36.070009,,19784,21715,5066
106458,1635,0,24,17,86543,72066,5683,1427,"Graduate Assistants, total",281,108,116,121,161,Arkansas State University-Main Campus,Arkansas State University-Jonesboro,2105 E. Aggie Road,Jonesboro,Arkansas,72401,-90.679988,35.842388,8762,9612,5683,1427
110316,212,0,36,11,88957,74061,,,"Graduate Assistants, total",24,4,26,13,15,California Institute of Integral Studies,CIIS,1453 Mission Street,San Francisco,California,94103,-122.416102,37.774924,,19728,,
110404,3145,673,180,3,202821,149012,7339,235,"Graduate Assistants, total",980,470,245,6,44,California Institute of Technology,Caltech,1200 E California Blvd,Pasadena,California,91125,-118.125878,34.137349,,48111,7339,235
110468,363,1,335,14,87857,73740,40,9,"Graduate Assistants, total",47,0,28,37,37,Alliant International University-San Diego,,10455 Pomerado Road,San Diego,California,92131,-117.094398,32.897056,,21413,40,9
110635,10774,1453,818,18,189172,130215,85044,6379,"Graduate Assistants, total",4722,1264,877,315,263,University of California-Berkeley,UC Berkeley,200 California Hall,Berkeley,California,94720,-122.260463,37.871918,17549,26604,85044,6379
110644,12294,1394,517,20,157925,108698,70952,5868,"Graduate Assistants, total",3900,1041,1222,491,575,University of California-Davis,UC Davis,One Shields Avenue,Davis,California,95616-8678,-121.749567,38.539667,16136,26604,70952,5868
110653,7689,746,403,18,173134,116657,85092,6545,"Graduate Assistants, total",3128,772,866,391,352,University of California-Irvine,UCI |UC Irvine,501 Aldrich Hall,Irvine,California,92697,-117.841248,33.648434,14861,26604,85092,6545
110662,22317,1321,770,18,206181,132413,102225,6038,"Graduate Assistants, total",4902,1313,1705,610,865,University of California-Los Angeles,UCLA,405 Hilgard Ave,Los Angeles,California,90095-1405,-118.443901,34.068892,15441,26604,102225,6038
110671,4180,361,268,22,157622,105251,43671,4596,"Graduate Assistants, total",1893,507,364,210,298,University of California-Riverside,UC Riverside,900 University Ave,Riverside,California,92521,-117.327410,33.972460,15542,26604,43671,4596
110680,13688,1494,531,19,180062,126722,88446,5699,"Graduate Assistants, total",4177,1557,1175,467,596,University of California-San Diego,UCSD |UC San Diego,9500 Gilman Dr,La Jolla,California,92093,-117.237793,32.876598,13115,26604,88446,5699
110699,11425,1582,138,,155343,112777,,,"Graduate Assistants, total",2136,90,957,499,888,University of California-San Francisco,"UCSF |UC San Francisco |University of California at San Francisco |University of California, San Francisco",500 Parnassus Ave,San Francisco,California,94143-0244,-122.458049,37.762736,,26604,,
110705,4627,456,321,18,176411,107630,81824,4538,"Graduate Assistants, total",2073,632,521,146,164,University of California-Santa Barbara,UCSB |UC Santa Barbara,5221 Cheadle Hall,Santa Barbara,California,93106,-119.846426,34.416297,15169,26604,81824,4538
110714,3390,274,167,19,160197,109990,52969,4048,"Graduate Assistants, total",1510,307,295,131,126,University of California-Santa Cruz,UC Santa Cruz,1156 High St,Santa Cruz,California,95064-1011,-122.058801,36.995584,16055,26604,52969,4048
112251,317,3,174,,146363,101356,,,"Graduate Assistants, total",144,1,46,35,10,Claremont Graduate University,,150 E Tenth St,Claremont,California,91711-6160,-117.713703,34.103585,,34236,,
114549,171,0,131,,,,,,"Graduate Assistants, total",18,0,0,0,0,Fielding Graduate University,Fielding|Fielding Institute|Fielding Graduate Institute,2020 De La Vina St,Santa Barbara,California,93105-3538,-119.717161,34.429410,,16280,,
114840,402,5,53,,74338,65244,,,"Graduate Assistants, total",106,0,29,21,21,Fuller Theological Seminary,,135 N Oakland Ave,Pasadena,California,91182,-118.140261,34.147780,,19920,,
115214,48,0,33,,90102,71073,,,"Graduate Assistants, total",13,1,3,3,1,Graduate Theological Union,GTU,2400 Ridge Rd,Berkeley,California,94709,-122.261847,37.875540,,19557,,
117636,1541,50,86,3,96380,75559,,,"Graduate Assistants, total",105,9,67,81,209,Loma Linda University,,11139 Anderson Street,Loma Linda,California,92350,-117.260605,34.051241,,25440,,
120883,1816,1,49,13,112165,90364,13064,899,"Graduate Assistants, total",141,22,156,138,114,University of the Pacific,Pacific | UOP | University of Pacific | Pacific University | U. Pacific | Univ. of Pacific | U. of Pacific,3601 Pacific Ave,Stockton,California,95211-0197,-121.312301,37.981424,13356,45786,13064,899
121150,1667,0,90,14,143146,116694,11704,862,"Graduate Assistants, total",178,8,128,91,87,Pepperdine University,,24255 Pacific Coast Hwy,Malibu,California,90263,-118.707077,34.037786,,32500,11704,862
122409,2831,6,90,28,114017,94306,60910,5366,"Graduate Assistants, total",737,128,331,209,166,San Diego State University,,5500 Campanile Dr,San Diego,California,92182,-117.071228,32.775250,,16680,60910,5366
123961,14737,276,679,9,180354,112696,56676,3358,"Graduate Assistants, total",2039,538,1017,651,505,University of Southern California,USC,University Park,Los Angeles,California,90089,-118.284169,34.021281,,43200,56676,3358
125231,1847,0,1300,17,,,,,"Graduate Assistants, total",69,0,0,0,0,Walden University,,"100 Washington Avenue South, Suite 900",Minneapolis,Minnesota,55401,-93.265738,44.981250,,11586,,
126562,11044,754,132,17,130606,96100,11373,1515,"Graduate Assistants, total",935,92,629,852,1111,University of Colorado Denver/Anschutz Medical Campus,University of Colorado Denver |University of Colorado Anschutz Medical Campus | |UCD,"1380 Lawrence Street, Lawrence Street Center, Suite 1400",Denver,Colorado,80217-3364,-104.837722,39.745149,,22374,11373,1515
126580,1283,22,30,16,107791,85669,9909,2037,"Graduate Assistants, total",46,0,82,81,95,University of Colorado Colorado Springs,UCCS,1420 Austin Bluffs Parkway,Colorado Springs,Colorado,80918,-104.800296,38.892735,10100,20935,9909,2037
126614,7856,857,392,18,139649,102743,36148,6569,"Graduate Assistants, total",2669,575,491,387,302,University of Colorado Boulder,U of Colorado|Univ of Colorado|University of Colorado|U of CO|Univ of CO|University of CO|Boulder|CU|CU-Boulder|UCB|CUB|Colorado|Colorado University|U of Colo|Univ of Colo|University of Colo|Colo|Buffs|Buffalos|Buffaloes|CU at Boulder|Golden Buffs|University of Colorado at Boulder,Regent Drive at Broadway,Boulder,Colorado,80309-0017,-105.270823,40.008781,13998,29502,36148,6569
126775,1055,123,99,16,139643,104694,10618,1135,"Graduate Assistants, total",650,220,88,60,61,Colorado School of Mines,Mines,1500 Illinois St,Golden,Colorado,80401,-105.223364,39.751443,,35220,10618,1135
126818,6799,1246,223,16,124721,92469,23137,5124,"Graduate Assistants, total",1836,347,429,366,378,Colorado State University-Fort Collins,,102 Administration Building,Fort Collins,Colorado,80523-0100,-105.080732,40.574805,,24312,23137,5124
127060,2539,14,118,11,133923,99831,19904,1504,"Graduate Assistants, total",616,104,198,219,147,University of Denver,DU,2199 S. University Blvd,Denver,Colorado,80208,-104.963259,39.678005,,47520,19904,1504
127741,1558,0,108,18,89983,66406,7481,2151,"Graduate Assistants, total",518,59,182,125,139,University of Northern Colorado,,Carter Hall - Rm 4000,Greeley,Colorado,80639,-104.692777,40.410855,,19566,7481,2151
129020,8625,306,345,16,148165,101324,34198,3683,"Graduate Assistants, total",2410,932,593,565,716,University of Connecticut,,352 Mansfield Road,Storrs,Connecticut,06269,-72.249948,41.809098,,35812,34198,3683
129525,1160,0,21,10,89946,68420,14043,1334,"Graduate Assistants, total",74,15,92,130,113,University of Hartford,"UHart, UHA, Hartford",200 Bloomfield Ave,West Hartford,Connecticut,06117-1599,-72.715213,41.798591,,12510,14043,1334
130794,14439,1965,375,6,214575,134454,32879,1579,"Graduate Assistants, total",3081,948,1025,490,734,Yale University,,Woodbridge Hall,New Haven,Connecticut,06520,-72.926688,41.311158,,41000,32879,1579
130943,4591,0,254,15,150374,107227,27803,4671,"Graduate Assistants, total",1712,694,390,363,337,University of Delaware,UD,104 Hullihen Hall,Newark,Delaware,19716,-75.752822,39.679577,,31860,27803,4671
131113,1121,0,80,13,84435,69998,,,"Graduate Assistants, total",1,0,5,33,61,Wilmington University,,320 Dupont Hwy,New Castle,Delaware,19720,-75.586998,39.682299,,8388,,
131159,2836,24,73,11,165467,108320,18699,1785,"Graduate Assistants, total",557,0,188,162,152,American University,,4400 Massachusetts Ave NW,Washington,District of Columbia,20016-8001,-77.088875,38.936005,,29556,18699,1785
131283,1502,72,110,7,107853,84280,6073,831,"Graduate Assistants, total",340,68,117,155,120,Catholic University of America,,"620 Michigan Avenue, NE",Washington,District of Columbia,20064,-76.997909,38.933651,14316,44400,6073,831
131450,741,12,25,7,115110,90286,583,247,"Graduate Assistants, total",75,3,72,50,33,Gallaudet University,,"800 Florida Ave, NE",Washington,District of Columbia,20002-3695,-76.993675,38.907371,,17640,583,247
131469,5620,91,251,13,178440,116988,26987,2610,"Graduate Assistants, total",775,2,398,376,283,George Washington University,GWU|GW,"2121 I Street, NW",Washington,District of Columbia,20052,-77.048363,38.899230,,29790,26987,2610
131496,5480,339,124,11,203899,129416,21462,1597,"Graduate Assistants, total",648,215,415,265,110,Georgetown University,Georgetown|GU,37th and O St NW,Washington,District of Columbia,20057-0001,-77.073463,38.908809,,47880,21462,1597
131520,2613,84,124,8,84876,66572,16815,2079,"Graduate Assistants, total",466,0,225,297,279,Howard University,HU,2400 Sixth St NW,Washington,District of Columbia,20059-0001,-77.018966,38.922392,,31309,16815,2079
132471,1072,0,37,13,94460,72340,5123,604,"Graduate Assistants, total",17,0,78,111,106,Barry University,,11300 NE 2nd Ave,Miami,Florida,33161-6695,-80.198925,25.878908,10800,17820,5123,604
132903,5657,338,279,30,138421,96020,37693,6879,"Graduate Assistants, total",1670,661,276,371,318,University of Central Florida,UCF,4000 Central Florida Blvd,Orlando,Florida,32816,-81.200889,28.602159,,25759,37693,6879
133650,1719,36,22,16,100287,78076,7533,1562,"Graduate Assistants, total",203,59,140,164,147,Florida Agricultural and Mechanical University,FAMU|Florida A&M University|Florida A&M University |Rattlers|FAMU Rattlers,1500 S Martin Luther King Jr Blvd,Tallahassee,Florida,32307,-84.290226,30.428504,,22108,7533,1562
133669,3121,80,115,24,111365,83638,15176,2791,"Graduate Assistants, total",945,221,221,222,175,Florida Atlantic University,FAU,777 Glades Rd,Boca Raton,Florida,33431-0991,-80.102978,26.372421,11906,16695,15176,2791
133881,1168,35,57,15,109131,85889,8898,721,"Graduate Assistants, total",392,0,84,90,108,Florida Institute of Technology,Florida Tech,150 West University Boulevard,Melbourne,Florida,32901-6975,-80.622893,28.065815,,22338,8898,721
133951,5486,248,199,27,130286,97319,19757,4335,"Graduate Assistants, total",1142,489,261,310,304,Florida International University,FIU,11200 S. W. 8 Street,Miami,Florida,33199,-80.373928,25.757320,,21393,19757,4335
134097,6630,503,398,22,132250,96316,35334,6523,"Graduate Assistants, total",3021,785,506,318,332,Florida State University,Florida State|F.S.U.|FSU|F. S. U.|Fla. State University|Fla. State|Fl State University|Fl State|FL State University|FL State|Seminoles|Noles|Florida State Seminoles|Florida State University Seminoles|Fl. State|Fl. State University|The Florida State University|Floridia State University|Florda State University|Florida State Univerisity|Flordia State University|Florida State Unversity|,222 S. Copeland Street,Tallahassee,Florida,32306-1037,-84.291921,30.440756,,24116,35334,6523
134130,14407,629,728,19,146358,98184,32747,6428,"Graduate Assistants, total",3901,1357,1031,629,486,University of Florida,,Tigert Hall,Gainesville,Florida,32611,-82.347911,29.646290,,27335,32747,6428
135726,11484,179,209,12,162639,109625,30638,2212,"Graduate Assistants, total",1256,420,615,344,248,University of Miami,,University of Miami,Coral Gables,Florida,33146,-80.278662,25.721260,,35280,30638,2212
136215,4048,108,818,17,116103,81393,7779,987,"Graduate Assistants, total",194,0,179,265,303,Nova Southeastern University,,3301 College Ave,Fort Lauderdale,Florida,33314-7796,-80.242480,26.079337,,18932,7779,987
137351,7614,371,332,22,127921,92844,31944,4165,"Graduate Assistants, total",2132,758,448,464,440,University of South Florida-Main Campus,USF Main Campus |USF Tampa Campus |USF Tampa |USF,4202 East Fowler Ave,Tampa,Florida,33620-9951,-82.413232,28.061458,,19048,31944,4165
139658,11298,965,251,9,173155,118274,23747,1388,"Graduate Assistants, total",1314,335,570,452,1023,Emory University,,"408 Administration Building, 201 Dowman Drive",Atlanta,Georgia,30322,-84.325512,33.790183,,40800,23747,1388
139755,7350,175,508,22,150946,102672,31497,2861,"Graduate Assistants, total",3839,634,403,260,166,Georgia Institute of Technology-Main Campus,Georgia Tech,225 North Ave,Atlanta,Georgia,30332-0530,-84.394832,33.772420,,28568,31497,2861
139931,2717,24,66,21,74647,67909,9202,3508,"Graduate Assistants, total",605,127,141,200,284,Georgia Southern University,,"Brannen Hall, Room 2015, 2670 Southern Drive",Statesboro,Georgia,30460-8126,-81.782232,32.428808,,26518,9202,3508
139940,5203,68,262,23,122238,81963,14462,4208,"Graduate Assistants, total",2924,852,280,330,253,Georgia State University,,33 gilmer st,Atlanta,Georgia,30303-3083,-84.386670,33.752700,,22518,14462,4208
139959,10390,141,543,17,127314,94892,24165,5826,"Graduate Assistants, total",3468,780,732,554,452,University of Georgia,,Administration Building,Athens,Georgia,30602,-83.374039,33.956262,,24692,24165,5826
141264,1186,0,30,20,73922,58224,5303,1595,"Graduate Assistants, total",267,1,129,112,92,Valdosta State University,VSU |Valdosta State |Valdosta State College,1500 N Patterson St,Valdosta,Georgia,31698,-83.289282,30.847402,,16146,5303,1595
141334,1703,1,39,20,79631,63014,7912,2240,"Graduate Assistants, total",229,0,109,118,123,University of West Georgia,,1601 Maple St,Carrollton,Georgia,30118-0001,-85.097762,33.573621,,15876,7912,2240
141574,4205,207,190,12,131918,98843,8501,1959,"Graduate Assistants, total",1236,240,449,337,271,University of Hawaii at Manoa,UH at Manoa |UHM,2500 Campus Road,Honolulu,Hawaii,96822-2217,-157.818979,21.298598,,36768,8501,1959
142115,2713,32,28,17,89254,74004,8876,2743,"Graduate Assistants, total",461,89,173,206,214,Boise State University,Boise State,1910 University Dr,Boise,Idaho,83725,-116.203301,43.604284,,21787,8876,2743
142276,1741,7,37,14,84295,73151,,,"Graduate Assistants, total",292,53,133,104,174,Idaho State University,ISU,921 S 8th Ave,Pocatello,Idaho,83209,-112.432312,42.863832,,21963,,
142285,2493,53,54,14,102909,80361,7087,1537,"Graduate Assistants, total",612,161,177,167,185,University of Idaho,UIdaho,875 Perimeter Drive MS 2282,Moscow,Idaho,83844-2282,-117.014167,46.727406,8670,23046,7087,1537
143118,537,0,43,18,92193,71490,3061,801,"Graduate Assistants, total",14,2,22,41,76,Aurora University,,347 S Gladstone Ave,Aurora,Illinois,60506-4892,-88.349023,41.753631,,10800,3061,801
144050,10223,1323,387,5,239787,125780,27694,1736,"Graduate Assistants, total",660,286,873,407,620,University of Chicago,,5801 S Ellis Ave,Chicago,Illinois,60637,-87.599539,41.787994,15726,55836,27694,1736
144351,645,3,36,11,56304,48454,4755,327,"Graduate Assistants, total",27,4,51,47,56,Concordia University-Chicago,Concordia University Chicago,7400 Augusta,River Forest,Illinois,60305-1499,-87.809482,41.898696,,15000,4755,327
144740,2864,0,21,16,131383,96625,21613,2542,"Graduate Assistants, total",250,55,202,362,176,DePaul University,,1 E Jackson Blvd,Chicago,Illinois,60604,-87.627240,41.877618,,19344,21613,2542
145600,11348,320,370,19,144941,104027,18768,4051,"Graduate Assistants, total",3308,1135,507,530,725,University of Illinois at Chicago,UIC|U of I-Chicago|Illinois-Chicago|U of I-Medical Center|University of Illinois-Medical Center|,601 S Morgan,Chicago,Illinois,60607,-87.650503,41.871837,,23742,18768,4051
145637,10762,252,827,20,146393,102604,38965,7518,"Graduate Assistants, total",5627,2783,841,501,601,University of Illinois at Urbana-Champaign,Illinois|Illinios|Ilinois|Ilinios|Urbana|Champaign|Champagne|Champaign-Urbana|Champagne-Urbana|Urbana-Champaign|Urbana-Champagne|University of Illinois at Urbana|University of Illinois at Champaign|University of Illinois at Champagne|University of Illinois at Champaign-Urbana|University of Illinois at Champagne-Urbana|UIUC|UICU|University of Illinois at UC|University of Illinois at CU,601 E John Street,Champaign,Illinois,61820-5711,-88.229114,40.104718,11308,28773,38965,7518
145725,1213,0,87,12,139402,105724,4705,471,"Graduate Assistants, total",424,330,157,108,88,Illinois Institute of Technology,IIT,10 West 35th Street,Chicago,Illinois,60616,-87.627321,41.831300,,28903,4705,471
145813,3161,0,53,18,90900,74103,11592,3352,"Graduate Assistants, total",963,199,228,269,184,Illinois State University,,North and School Streets,Normal,Illinois,61790-1000,-88.990058,40.509403,,15445,11592,3352
146719,2734,63,136,14,140296,99528,23571,2654,"Graduate Assistants, total",415,40,230,208,139,Loyola University Chicago,,1032 W. Sheridan Rd,Chicago,Illinois,60660,-87.656872,42.000765,,18594,23571,2654
147703,3037,12,136,16,97082,77133,14641,1852,"Graduate Assistants, total",1319,360,216,260,188,Northern Illinois University,,1425 W. Lincoln Hwy.,Dekalb,Illinois,60115-2828,-88.766428,41.933869,10880,20473,14641,1852
147767,10316,1176,454,6,208766,134788,37259,1903,"Graduate Assistants, total",1169,371,915,498,524,Northwestern University,,633 Clark St,Evanston,Illinois,60208,-87.679858,42.050356,,52239,37259,1903
147828,624,0,22,17,74339,61271,3964,752,"Graduate Assistants, total",30,1,51,36,37,Olivet Nazarene University,,One University Avenue,Bourbonnais,Illinois,60914-2271,-87.875165,41.155237,7900,10560,3964,752
149222,4357,71,174,14,94077,71619,7961,1395,"Graduate Assistants, total",1189,391,233,303,287,Southern Illinois University-Carbondale,,Lincoln Drive,Carbondale,Illinois,62901-4512,-89.217273,37.714193,,27624,7961,1395
149514,385,0,39,14,81590,66790,500,170,"Graduate Assistants, total",1,0,31,26,17,Trinity International University-Illinois,,2065 Half Day Rd,Deerfield,Illinois,60015-1283,-87.880851,42.197945,,16200,500,170
150136,3289,0,77,17,94709,76404,24191,3985,"Graduate Assistants, total",847,98,210,227,338,Ball State University,BSU|Ball U,2000 University Ave,Muncie,Indiana,47306,-85.409043,40.203431,10034,21172,24191,3985
151111,7941,542,100,17,109332,77913,11091,4093,"Graduate Assistants, total",717,0,531,574,939,Indiana University-Purdue University-Indianapolis,IUPUI,425 University Blvd,Indianapolis,Indiana,46202-5143,-86.172217,39.772948,9618,23208,11091,4093
151324,1659,0,76,21,89494,70975,11720,2688,"Graduate Assistants, total",326,75,123,120,107,Indiana State University,Indiana State |ISU,210 N 7th St,Terre Haute,Indiana,47809,-87.407846,39.469073,,14274,11720,2688
151351,8925,465,456,17,127857,87507,41939,8001,"Graduate Assistants, total",2613,4,690,501,406,Indiana University-Bloomington,IU|IUB|IU Bloomington|,107 South Indiana Ave.,Bloomington,Indiana,47405-7000,-86.526559,39.166090,,30125,41939,8001
152080,5967,290,239,10,180896,119155,19564,2051,"Graduate Assistants, total",1357,484,415,276,192,University of Notre Dame,Notre Dame | Fighting Irish | ND,400 Main Building,Notre Dame,Indiana,46556,-86.238959,41.703058,14890,50864,19564,2051
153603,6301,521,352,19,128171,97155,19262,5944,"Graduate Assistants, total",2878,1466,506,404,424,Iowa State University,ISU,1750 Beardshear Hall,Ames,Iowa,50011-2103,-93.648504,42.026212,,22656,19262,5944
153658,9926,295,464,16,138122,94337,27734,5027,"Graduate Assistants, total",2351,672,752,650,704,University of Iowa,Iowa|UI,101 Jessup Hall,Iowa City,Iowa,52242-1316,-91.536425,41.661935,,28163,27734,5027
154688,385,0,42,7,69891,54638,805,258,"Graduate Assistants, total",18,0,23,21,21,Baker University,Baker|BU|Baker U,618 Eighth Street,Baldwin City,Kansas,66006-0065,-95.188231,38.777278,,10188,805,258
155317,8094,1006,353,17,125907,82735,14538,4153,"Graduate Assistants, total",1978,666,576,624,819,University of Kansas,"University of Kansas | Univ of Kansas | Kansas University | KU | Kansas Jayhawks | Univ of KS |University of KS | Kansas Univ | Kansas U, KUMC, University of Kansas Medical Center, KU Medical Center, Kansas University Medical Center","Strong Hall, 1450 Jayhawk Blvd, Room 230",Lawrence,Kansas,66045,-95.247567,38.958549,,22730,14538,4153
155399,4771,234,191,18,111256,84888,8517,3350,"Graduate Assistants, total",1491,655,268,294,282,Kansas State University,K-State,"919 Mid-Campus Drive, Anderson Hall",Manhattan,Kansas,66506,-96.581077,39.188648,9430,22483,8517,3350
156125,2111,0,50,20,97209,73609,5469,1598,"Graduate Assistants, total",576,256,121,131,123,Wichita State University,WSU,1845 N. Fairmount,Wichita,Kansas,67260-0124,-97.292361,37.718882,10000,13022,5469,1598
156541,531,0,56,17,52348,46185,2301,433,"Graduate Assistants, total",41,0,49,85,56,University of the Cumberlands,Cumberland College,6191 College Station Drive,Williamsburg,Kentucky,40769,-84.161646,36.737048,9000,5670,2301,433
157085,10501,333,326,17,123972,92572,18925,4855,"Graduate Assistants, total",1922,598,616,508,352,University of Kentucky,,South Limestone,Lexington,Kentucky,40506-0032,-84.504747,38.038911,,28861,18925,4855
157289,6376,0,158,15,107471,75889,10987,2796,"Graduate Assistants, total",830,251,520,487,662,University of Louisville,,2301 S 3rd St,Louisville,Kentucky,40292-0001,-85.760412,38.216862,,25486,10987,2796
157757,304,0,41,10,85648,68161,934,171,"Graduate Assistants, total",74,0,27,28,56,Spalding University,Spalding,901 S Fourth Street,Louisville,Kentucky,40203-2188,-85.757725,38.242407,,12996,934,171
159391,6105,246,315,20,122244,85521,17907,4917,"Graduate Assistants, total",2163,868,440,290,316,Louisiana State University and Agricultural & Mechanical College,Louisiana State University|LSU,156 Thomas Boyd Hall,Baton Rouge,Louisiana,70803-2750,-91.178921,30.414986,,9132,17907,4917
159647,1019,13,52,24,83086,69504,6952,1917,"Graduate Assistants, total",334,155,59,105,110,Louisiana Tech University,"LA Tech, Louisiana Tech, Tech",1310 West Railroad Avenue,Ruston,Louisiana,71272,-92.649963,32.528297,,13333,6952,1917
159939,1115,11,43,22,86476,67509,3736,960,"Graduate Assistants, total",300,89,89,71,48,University of New Orleans,UNO,2000 Lakeshore Drive,New Orleans,Louisiana,70148,-90.067142,30.027704,,10660,3736,960
159993,899,14,27,19,82224,71775,4035,1342,"Graduate Assistants, total",210,49,52,90,104,University of Louisiana at Monroe,ULM; University of Louisiana-Monroe; Uni of LA-Monroe; University of Louisiana Monroe; University of Louisiana at Monroe,700 University Avenue,Monroe,Louisiana,71209-0000,-92.073740,32.527748,,18590,4035,1342
160658,1899,41,63,24,109575,83181,10436,2982,"Graduate Assistants, total",487,170,149,136,160,University of Louisiana at Lafayette,UL Lafayette,104 University Circle,Lafayette,Louisiana,70503,-92.020165,30.212191,,19239,10436,2982
160755,4721,397,146,8,148189,92599,35622,1905,"Graduate Assistants, total",638,200,307,227,335,Tulane University of Louisiana,,6823 St. Charles Avenue,New Orleans,Louisiana,70118-5698,-90.122144,29.940069,,50920,35622,1905
161253,2328,20,58,16,109317,81792,13231,2299,"Graduate Assistants, total",639,123,170,120,134,University of Maine,,168 College Avenue,Orono,Maine,04469,-68.669332,44.899257,,25146,13231,2299
162928,17762,940,553,7,163409,112673,27156,1420,"Graduate Assistants, total",4077,1434,1065,763,1331,Johns Hopkins University,Johns Hopkins,3400 N Charles St,Baltimore,Maryland,21218-2688,-76.621595,39.328977,,52170,27156,1420
163259,5881,449,88,7,148343,102874,,,"Graduate Assistants, total",428,82,377,368,815,"University of Maryland, Baltimore",,620 West Lexington St,Baltimore,Maryland,21201-1627,-76.623983,39.286864,,30484,,
163268,2092,141,88,18,121399,88310,11201,1772,"Graduate Assistants, total",613,257,163,151,113,University of Maryland-Baltimore County,UMBC,1000 Hilltop Circle,Baltimore,Maryland,21250,-76.711607,39.256686,,18846,11201,1772
163286,9398,1635,567,18,155840,107853,33922,4156,"Graduate Assistants, total",4109,1640,735,426,326,University of Maryland-College Park,,,College Park,Maryland,20742,-76.944721,38.988178,,26532,33922,4156
163338,730,10,21,13,89041,77003,7827,565,"Graduate Assistants, total",91,30,41,69,60,University of Maryland Eastern Shore,UMES,J.T. Williams Hall,Princess Anne,Maryland,21853-1299,-75.686852,38.207386,,14208,7827,565
163453,1683,31,54,13,116691,89385,7247,1204,"Graduate Assistants, total",79,33,71,152,105,Morgan State University,,1700 East Cold Spring Lane,Baltimore,Maryland,21251-0001,-76.585565,39.344161,,14580,7247,1204
164924,3733,238,122,13,182904,118529,28454,2412,"Graduate Assistants, total",1108,285,283,275,195,Boston College,,140 Commonwealth Avenue,Chestnut Hill,Massachusetts,02467,-71.169242,42.336213,,28296,28454,2412
164988,9219,626,509,10,181568,123690,60825,3498,"Graduate Assistants, total",2892,1069,669,498,735,Boston University,BU|Boston U,One Silber Way,Boston,Massachusetts,02215,-71.107942,42.351118,,50980,60825,3498
165015,1638,184,86,10,146891,106410,11721,858,"Graduate Assistants, total",188,54,148,93,65,Brandeis University,,415 South St,Waltham,Massachusetts,02454-9110,-71.254716,42.364947,,48720,11721,858
165334,691,19,31,10,123614,91860,8355,615,"Graduate Assistants, total",139,57,62,62,38,Clark University,,950 Main St,Worcester,Massachusetts,01610-1477,-71.823356,42.249987,,32010,8355,615
166027,17320,2266,718,7,226394,132561,39506,1687,"Graduate Assistants, total",2182,772,1225,177,256,Harvard University,,Massachusetts Hall,Cambridge,Massachusetts,02138,-71.118313,42.374471,,44816,39506,1687
166513,1874,34,73,17,147710,112103,11181,2039,"Graduate Assistants, total",373,239,143,163,139,University of Massachusetts-Lowell,,1 University Ave,Lowell,Massachusetts,01854-5104,-71.326809,42.652864,,26370,11181,2039
166629,5591,263,307,18,153362,109018,42043,4752,"Graduate Assistants, total",2463,1057,450,326,310,University of Massachusetts-Amherst,UMass Amherst,374 Whitmore Building 181 Presidents Drive,Amherst,Massachusetts,01003,-72.526728,42.385999,,27834,42043,4752
166638,2028,0,67,16,140773,108007,10507,1881,"Graduate Assistants, total",736,183,114,233,158,University of Massachusetts-Boston,,100 Morrissey Boulevard,Boston,Massachusetts,02125-3393,-71.036865,42.312881,,33915,10507,1881
166683,12842,4555,622,3,222819,147358,20247,1097,"Graduate Assistants, total",3328,1577,644,216,164,Massachusetts Institute of Technology,MIT |M.I.T.,77 Massachusetts Avenue,Cambridge,Massachusetts,02139-4307,-71.092115,42.360095,,49580,20247,1097
166708,4714,475,57,,129470,87554,,,"Graduate Assistants, total",375,128,219,240,496,University of Massachusetts Medical School Worcester,,55 Lake Ave North,Worcester,Massachusetts,01655,-71.762144,42.278002,,34328,,
167358,4047,22,228,14,178388,123819,54209,3108,"Graduate Assistants, total",1180,665,343,254,181,Northeastern University,,360 Huntington Ave,Boston,Massachusetts,02115-5005,-71.088782,42.339992,,23408,54209,3108
167987,1225,3,34,16,128490,100045,7959,1333,"Graduate Assistants, total",233,68,116,104,86,University of Massachusetts-Dartmouth,UMass Dartmouth,285 Old Westport Rd,North Dartmouth,Massachusetts,02747-2300,-71.004552,41.628690,,27880,7959,1333
168148,4427,482,139,9,152438,106430,21101,1410,"Graduate Assistants, total",1125,279,292,220,221,Tufts University,,,Medford,Massachusetts,02155-5555,-71.120316,42.408465,,49892,21101,1410
168421,1198,41,46,13,158002,111080,10331,1124,"Graduate Assistants, total",350,203,100,99,54,Worcester Polytechnic Institute,WPI,100 Institute Road,Worcester,Massachusetts,01609-2280,-71.808339,42.274853,,26226,10331,1124
168740,752,0,62,10,52425,43917,1554,280,"Graduate Assistants, total",49,28,57,77,76,Andrews University,Andrews,"4150 Administration Drive, Room 136",Berrien Springs,Michigan,49104,-86.355815,41.963859,,25752,1554,280
169248,2559,2,50,20,107340,82410,19021,3076,"Graduate Assistants, total",648,7,297,176,135,Central Michigan University,,106 Warriner Hall,Mount Pleasant,Michigan,48859,-84.775250,43.591203,,18942,19021,3076
169798,1972,0,56,17,103515,83916,16126,2811,"Graduate Assistants, total",523,97,352,136,168,Eastern Michigan University,,401 Pierce Hall,Ypsilanti,Michigan,48197,-83.622501,42.246940,,30432,16126,2811
170976,21791,0,813,11,169386,112360,59886,6879,"Graduate Assistants, total",3898,1617,1697,997,1376,University of Michigan-Ann Arbor,U of Michigan|U of M|Univ of Michigan|U Michigan Ann Arbor|University of Michigan Ann Arbor,503 Thompson Street,Ann Arbor,Michigan,48109,-83.742769,42.275921,11198,45156,59886,6879
171100,12063,533,552,16,151123,100762,36143,8366,"Graduate Assistants, total",3098,1145,911,705,912,Michigan State University,MSU|Spartans|MI State University|State|MI State U,,East Lansing,Michigan,48824-1046,-84.476111,42.732120,,34260,36143,8366
171128,1473,139,88,13,116023,95484,5469,1323,"Graduate Assistants, total",432,271,116,131,92,Michigan Technological University,Michigan Tech|MTU|Michigan Tech University|Mich Tech|Michigan Technological Univ|Michigan Tech Univ|MT,1400 Townsend Drive,Houghton,Michigan,49931-1295,-88.548092,47.118660,,18252,5469,1323
171571,1982,6,43,20,111113,82151,10296,2456,"Graduate Assistants, total",353,120,128,243,193,Oakland University,Oakland|OU|O.U.,2200 North Squirrel Road,Rochester Hills,Michigan,48309-4401,-83.216418,42.674573,9910,24648,10296,2456
172644,5494,791,265,14,130204,96235,15331,2653,"Graduate Assistants, total",823,374,469,466,490,Wayne State University,WSU,656 West Kirby Street,Detroit,Michigan,48202,-83.068998,42.358994,,33217,15331,2653
172699,2845,0,125,17,109610,82549,14263,3178,"Graduate Assistants, total",882,223,356,251,183,Western Michigan University,WMU,1903 W Michigan Ave,Kalamazoo,Michigan,49008-5200,-85.613759,42.282194,9848,28900,14263,3178
173160,732,0,26,11,78972,68730,1812,587,"Graduate Assistants, total",2,0,74,93,33,Bethel University,,3900 Bethel Dr,Saint Paul,Minnesota,55112,-93.161663,45.057655,,9630,1812,587
174066,16832,1559,702,17,140040,97916,43731,6201,"Graduate Assistants, total",5560,1700,1186,831,1138,University of Minnesota-Twin Cities,,100 Church Street SE,Minneapolis,Minnesota,55455-0213,-93.235464,44.972851,,25884,43731,6201
175856,1161,0,91,17,80942,70133,6282,933,"Graduate Assistants, total",94,24,95,101,99,Jackson State University,,1400 J R Lynch Street,Jackson,Mississippi,39217,-90.207405,32.296105,,7501,6282,933
176017,11911,0,105,18,113671,86041,17416,3694,"Graduate Assistants, total",1279,327,436,454,623,University of Mississippi,Ole Miss,"Oxford, Mississippi",University,Mississippi,38677-1848,-89.537434,34.365529,,23454,17416,3694
176053,640,0,45,14,84038,70013,2918,570,"Graduate Assistants, total",57,7,61,48,74,Mississippi College,MC,200 South Capitol Street,Clinton,Mississippi,39058,-90.329821,32.335515,9610,10584,2918,570
176080,4547,88,176,20,105880,81510,13973,3435,"Graduate Assistants, total",1152,402,236,214,281,Mississippi State University,,Lee Boulevard,Mississippi State,Mississippi,39762,-88.790139,33.454852,,22248,13973,3435
176372,2415,51,156,17,90689,69875,6372,1903,"Graduate Assistants, total",733,110,137,181,237,University of Southern Mississippi,,118 College Drive # 0001,Hattiesburg,Mississippi,39406-0001,-89.331236,31.326610,,8108,6372,1903
176479,487,0,37,14,73340,63273,891,177,"Graduate Assistants, total",19,6,40,49,78,William Carey University,,710 William Carey Parkway,Hattiesburg,Mississippi,39401-5499,-89.291815,31.305264,,8400,891,177
177968,1272,0,63,13,85611,68746,2895,923,"Graduate Assistants, total",103,29,62,96,110,Lindenwood University,,209 S Kingshighway,Saint Charles,Missouri,63301-1695,-90.501286,38.785425,8800,16300,2895,923
178059,589,0,147,14,89674,75228,2241,604,"Graduate Assistants, total",16,2,21,47,72,Maryville University of Saint Louis,,650 Maryville University Drive,Saint Louis,Missouri,63141-7299,-90.505998,38.644774,,14346,2241,604
178396,9010,317,500,18,120414,78073,16367,4134,"Graduate Assistants, total",2214,756,484,549,610,University of Missouri-Columbia,,105 Jesse Hall,Columbia,Missouri,65211-1050,-92.328843,38.945310,,23659,16367,4134
178402,2779,16,122,14,108020,78163,5065,1244,"Graduate Assistants, total",500,163,183,252,201,University of Missouri-Kansas City,,5100 Rockhill Rd.,Kansas City,Missouri,64110,-94.582141,39.034179,,23067,5065,1244
178411,1365,24,88,19,125465,83090,3876,1426,"Graduate Assistants, total",603,419,131,122,113,Missouri University of Science and Technology,,1201 N. State St.,Rolla,Missouri,65409,-91.775583,37.953426,,28951,3876,1426
178420,1544,10,106,18,100186,70500,1970,482,"Graduate Assistants, total",309,87,123,143,150,University of Missouri-St Louis,,One University Boulevard,Saint Louis,Missouri,63121-4400,-90.311091,38.710312,,27494,1970,482
179159,4867,97,282,9,120038,89141,13431,1633,"Graduate Assistants, total",605,105,349,401,478,Saint Louis University,,One North Grand Blvd,Saint Louis,Missouri,63103-2097,-90.235100,38.636801,,19800,13431,1633
179867,14288,913,288,8,195887,121226,30463,1778,"Graduate Assistants, total",1405,370,677,299,340,Washington University in St Louis,"WUSTL |Washington U |WashU |Washington, St. Louis |Washington University in St. Louis |Washington University, St. Louis |WashU |Wash-U |Wash U |Wash. U.",One Brookings Drive,Saint Louis,Missouri,63130-4899,-90.310604,38.647929,,50650,30463,1778
179964,318,0,31,10,53532,51741,887,193,"Graduate Assistants, total",69,7,12,14,30,William Woods University,WWU/William Woods/The Woods,One University Avenue,Fulton,Missouri,65251-1098,-91.950416,38.860287,,8400,887,193
180461,2755,29,66,19,100914,76651,16769,3356,"Graduate Assistants, total",749,115,185,151,151,Montana State University,MSU,Montana State University,Bozeman,Montana,59717,-111.048812,45.666726,9250,16805,16769,3356
180489,2043,81,56,17,81838,65347,6182,1671,"Graduate Assistants, total",480,39,227,155,87,The University of Montana,University of Montana,"Missoula, Montana",Missoula,Montana,59812,-113.982912,46.859312,,19106,6182,1671
181394,1725,11,40,17,94349,81161,9158,2100,"Graduate Assistants, total",349,77,136,154,128,University of Nebraska at Omaha,UNOMAHA,6001 Dodge St,Omaha,Nebraska,68182-0225,-96.008516,41.258769,9406,13824,9158,2100
181428,4167,248,70,2,123007,89967,,,"Graduate Assistants, total",366,141,95,117,186,University of Nebraska Medical Center,UNMC,42nd & Dewey Ave,Omaha,Nebraska,68198-7815,-95.973966,41.256312,,24219,,
181464,6136,330,299,21,127205,90538,14947,4905,"Graduate Assistants, total",2063,756,456,319,308,University of Nebraska-Lincoln,,14th and R St,Lincoln,Nebraska,68588,-96.700508,40.817598,,22425,14947,4905
182281,4210,37,155,21,128339,95783,9872,4140,"Graduate Assistants, total",978,237,341,296,377,University of Nevada-Las Vegas,UNLV,4505 S Maryland Pky,Las Vegas,Nevada,89154,-115.138462,36.106047,,19332,9872,4140
182290,3473,159,117,20,130513,93648,9721,3643,"Graduate Assistants, total",1013,307,187,200,257,University of Nevada-Reno,,North Virginia Street,Reno,Nevada,89557,-119.815377,39.543642,,19030,9721,3643
182670,3889,52,83,7,188163,122100,20035,1215,"Graduate Assistants, total",534,0,323,174,144,Dartmouth College,"Dartmouth, Big Green",207 Parkhurst Hall,Hanover,New Hampshire,03755-3529,-72.289949,43.704115,,51468,20035,1215
183044,3041,114,62,18,132684,102934,19966,3019,"Graduate Assistants, total",701,56,198,232,189,University of New Hampshire-Main Campus,,"105 Main St., Thompson Hall",Durham,New Hampshire,03824-3547,-70.932465,43.135934,,27130,19966,3019
184782,3016,28,40,17,114141,89071,14068,2466,"Graduate Assistants, total",148,34,149,162,198,Rowan University,Rowan College of New Jersey  |Glassboro State College,201 Mullica Hill Road,Glassboro,New Jersey,08028,-75.119119,39.709108,,13266,14068,2466
185828,1527,63,59,17,166141,118683,7254,1114,"Graduate Assistants, total",348,284,140,91,74,New Jersey Institute of Technology,NJIT,University Heights,Newark,New Jersey,07102,-74.177113,40.741997,,29166,7254,1114
186131,6094,0,358,5,213769,129463,31056,1306,"Graduate Assistants, total",1255,616,486,95,195,Princeton University,,1 Nassau Hall,Princeton,New Jersey,08544-0070,-74.659365,40.348732,,47140,31056,1306
186371,1070,10,36,14,138852,91132,11338,758,"Graduate Assistants, total",86,18,108,82,104,Rutgers University-Camden,"Rutgers, The State University of New Jersey|Rutgers University-Camden Rutgers|Rutgers,Camden|Rutgers-Camden|Rutgers, Camden|Rutgers, New Jersey|Rutgers U|",406 Penn,Camden,New Jersey,08102,-75.122240,39.948064,,27768,11338,758
186380,17637,789,636,15,148347,98500,38384,6268,"Graduate Assistants, total",1350,669,1114,762,993,Rutgers University-New Brunswick,"Rutgers, The State University of New Jersey|Rutgers, The State University|Rutgers University|Rutgers, New Brunswick |Rutgers University-New Brunswick|Rutgers-New Jersey|Rutgers, The State University New Brunswick/Piscataway|Rutgers, New Brunswick|Rutgers|RU|Rutgers, New Jersey",83 Somerset St,New Brunswick,New Jersey,08901-1281,-74.446251,40.498769,,28656,38384,6268
186399,1794,73,77,15,163503,117086,13435,1325,"Graduate Assistants, total",225,104,191,149,165,Rutgers University-Newark,Rutgers University-Newark; Rutgers University; Newark; Rutgers; RU-Newark,"249 University Avenue, Blumenthal Hall",Newark,New Jersey,07102,-74.175809,40.739122,,28656,13435,1325
186584,1550,0,78,14,113492,88252,16719,1459,"Graduate Assistants, total",233,25,107,164,105,Seton Hall University,,400 S Orange Ave,South Orange,New Jersey,07079-2697,-74.246027,40.742336,,21816,16719,1459
186867,954,57,56,10,144895,116576,8335,762,"Graduate Assistants, total",527,434,70,93,94,Stevens Institute of Technology,Stevens,Castle Point On Hudson,Hoboken,New Jersey,07030-5991,-74.025334,40.744776,,34494,8335,762
187985,6839,169,195,16,108445,79069,11457,3219,"Graduate Assistants, total",1698,501,422,465,585,University of New Mexico-Main Campus,UNM,1700 Lomas Blvd NE,Albuquerque,New Mexico,87106,-106.620155,35.083868,9662,21962,11457,3219
188030,2876,46,103,17,95375,71753,8192,2042,"Graduate Assistants, total",973,367,214,197,199,New Mexico State University-Main Campus,NMSU,2850 Weddell Street,Las Cruces,New Mexico,88003-8001,-106.752069,32.281568,,15309,8192,2042
188429,1387,0,28,11,143008,107879,11851,1131,"Graduate Assistants, total",27,0,86,129,66,Adelphi University,,South Ave,Garden City,New York,11530-0701,-73.653321,40.721439,,39157,11851,1131
190044,780,18,32,14,128627,99235,7000,677,"Graduate Assistants, total",199,127,68,72,85,Clarkson University,,8 Clarkson Ave,Potsdam,New York,13699,-74.999359,44.662716,,32280,7000,677
190150,17784,2105,570,6,223427,145614,37673,1474,"Graduate Assistants, total",2805,1331,1365,646,1477,Columbia University in the City of New York,Columbia University,West 116 St and Broadway,New York,New York,10027,-73.961885,40.808286,,44864,37673,1474
190415,10226,826,501,9,175682,124011,47039,3349,"Graduate Assistants, total",2579,1129,753,393,341,Cornell University,,300 Day Hall,Ithaca,New York,14853,-76.483084,42.447200,,29500,47039,3349
190567,1906,2,30,14,133559,102324,21207,1705,"Graduate Assistants, total",67,32,251,166,109,CUNY City College,City | City College | CCNY | City College of New York,160 Convent Ave,New York,New York,10031,-73.948542,40.819846,,19320,21207,1705
190576,1069,13,431,6,154195,110230,,,"Graduate Assistants, total",1210,331,152,43,43,CUNY Graduate School and University Center,The Graduate Center | CUNY Graduate Center | The Graduate Center of the City University of New York,365 Fifth Ave,New York,New York,10016,-73.983822,40.748612,,21720,,
191241,2638,0,130,15,169936,118272,45147,2283,"Graduate Assistants, total",353,72,218,215,121,Fordham University,,441 E Fordham Rd,Bronx,New York,10458,-73.882705,40.859354,17445,32808,45147,2283
192439,833,0,22,13,118027,96004,6830,674,"Graduate Assistants, total",229,101,77,107,86,LIU Brooklyn,,1 University Plaza,Brooklyn,New York,11201-8423,-73.981129,40.690677,,28824,6830,674
192448,754,0,30,14,116588,100148,6951,694,"Graduate Assistants, total",37,2,90,97,54,LIU Post,,720 Northern Blvd,Brookville,New York,11548-1327,-73.593678,40.820714,,28824,6951,694
193405,10793,0,49,,,,,,"Graduate Assistants, total",333,24,419,541,1805,Icahn School of Medicine at Mount Sinai,,"One Gustave L Levy Place, Box 1217",New York,New York,10029-6574,-73.952812,40.790063,,26279,,
193654,2051,0,47,10,141117,103862,9056,1599,"Graduate Assistants, total",820,298,90,145,158,The New School,New School University |Parsons The New School for Design |New School for Social Research |Eugene Lang College |Mannes College |The New School for Drama |The New School for Jazz and Contemporary Music |The New School for Public Engagement,66 West 12th Street,New York,New York,10011-8871,-73.997114,40.735508,,44247,9056,1599
193900,19617,0,445,9,199416,114800,64007,6022,"Graduate Assistants, total",812,404,1444,1031,1594,New York University,,70 Washington Sq South,New York,New York,10012-1091,-73.997264,40.729452,,41352,64007,6022
194824,1757,155,122,13,148276,107482,19505,1663,"Graduate Assistants, total",747,63,186,90,68,Rensselaer Polytechnic Institute,"RPI, Rensselaer",110 8th St,Troy,New York,12180-3590,-73.676646,42.729978,,51000,19505,1663
195003,3664,29,25,13,129781,97759,20451,2758,"Graduate Assistants, total",703,420,243,279,202,Rochester Institute of Technology,RIT  |R.I.T.,1 Lomb Memorial Dr,Rochester,New York,14623-5603,-77.673860,43.084188,,43560,20451,2758
195030,8415,433,249,10,163548,108605,19058,1550,"Graduate Assistants, total",290,99,633,580,724,University of Rochester,,Wilson Blvd. - Wallis Hall,Rochester,New York,14627-0011,-77.631202,43.126397,,38304,19058,1550
195128,391,0,40,10,64387,61385,1813,202,"Graduate Assistants, total",72,0,18,39,55,The Sage Colleges,,65 1st Street,Troy,New York,12180,-73.693711,42.728220,,12690,1813,202
195720,673,0,47,12,106110,83573,4432,626,"Graduate Assistants, total",6,0,39,100,83,Saint John Fisher College,Fisher,3690 East Ave,Rochester,New York,14618-3597,-77.513056,43.116259,,16560,4432,626
195809,2067,0,122,17,142877,103834,27179,2967,"Graduate Assistants, total",453,110,202,286,145,St John's University-New York,,8000 Utopia Pky,Queens,New York,11439,-73.796104,40.722523,,17835,27179,2967
196060,2714,3,167,19,113255,84207,24887,2814,"Graduate Assistants, total",720,222,162,218,201,SUNY at Albany,"University at Albany, SUNY",1400 Washington Avenue,Albany,New York,12222,-73.824662,42.685489,,22210,24887,2814
196079,2448,19,150,19,116608,84679,33467,2736,"Graduate Assistants, total",862,343,182,193,263,Binghamton University,Binghamton University,4400 Vestal Parkway East,Vestal,New York,13850-6000,-75.966889,42.087868,,22210,33467,2736
196088,4875,29,343,13,123186,84073,27798,4179,"Graduate Assistants, total",1336,532,515,499,540,University at Buffalo,University at Buffalo|UB|State University of New York at Buffalo|SUNY Buffalo|University of Buffalo,12 Capen Hall,Buffalo,New York,14260-1660,-78.789458,43.000942,12477,22210,27798,4179
196097,4580,83,317,18,138159,95239,35313,3167,"Graduate Assistants, total",1120,577,512,437,684,Stony Brook University,SUNY Stony Brook |State University of New York at Stony Brook,310 Administration Building,Stony Brook,New York,11794,-73.120460,40.914760,,22210,35313,3167
196413,4819,78,189,15,129381,97467,33099,3649,"Graduate Assistants, total",1153,477,413,333,337,Syracuse University,,900 South Crouse Ave.,Syracuse,New York,13244,-76.136975,43.040176,,36000,33099,3649
196468,1168,0,199,,174940,122436,,,"Graduate Assistants, total",190,61,90,54,23,Teachers College at Columbia University,Teachers College,525 W 120th St,New York,New York,10027,-73.960194,40.810216,,37728,,
197708,2936,264,102,7,181814,106320,1861,620,"Graduate Assistants, total",31,0,249,159,202,Yeshiva University,,500 W 185th St,New York,New York,10033-3299,-73.929873,40.850605,,34800,1861,620
198419,17799,1357,683,7,194531,125415,33077,1748,"Graduate Assistants, total",1598,0,1254,872,1150,Duke University,,103 Allen Bldg,Durham,North Carolina,27708,-78.937624,36.001135,,51480,33077,1748
198464,5601,8,74,19,103864,79866,15860,4362,"Graduate Assistants, total",910,47,295,412,233,East Carolina University,ECU,East 5th Street,Greenville,North Carolina,27858-4353,-77.368291,35.607186,,17898,15860,4362
198561,557,0,81,11,68519,62039,2966,381,"Graduate Assistants, total",43,0,60,34,47,Gardner-Webb University,GWU,Main St,Boiling Springs,North Carolina,28017-0997,-81.668141,35.247320,,9000,2966,381
199102,1728,20,63,18,98532,83574,10661,2309,"Graduate Assistants, total",388,171,106,179,87,North Carolina A & T State University,NCAT,1601 E Market  St,Greensboro,North Carolina,27411,-79.773375,36.072820,,17150,10661,2309
199120,13199,1481,566,13,156626,103969,39650,4356,"Graduate Assistants, total",3438,602,660,424,298,University of North Carolina at Chapel Hill,,103 South Bldg Cb 9100,Chapel Hill,North Carolina,27599,-79.050969,35.911769,,27154,39650,4356
199139,3639,34,129,19,126496,89862,16696,3373,"Graduate Assistants, total",1243,521,231,297,220,University of North Carolina at Charlotte,UNC Charlotte,9201 University City Blvd,Charlotte,North Carolina,28223-0001,-80.730919,35.306022,,17771,16696,3373
199148,2637,1,127,18,111356,82056,8501,2791,"Graduate Assistants, total",907,150,188,248,117,University of North Carolina at Greensboro,UNCG,1400 Spring Garden St,Greensboro,North Carolina,27402-6170,-79.809414,36.068236,,18937,8501,2791
199193,8946,384,538,13,126602,91357,26980,4797,"Graduate Assistants, total",3252,1302,662,484,390,North Carolina State University at Raleigh,NC State University | NC State | N C State University | N C State | NCSU,2101 Hillsborough Street,Raleigh,North Carolina,27695-7001,-78.674517,35.785111,,23967,26980,4797
199218,2072,11,22,18,99654,75366,11677,2145,"Graduate Assistants, total",491,15,188,179,146,University of North Carolina Wilmington,UNCW|University of North Carolina at Wilmington|UNC Wilmington|UNC W|University of NC at Wilmington|Univ of NC-Wilmington|UNC-W|University of North Carolina Wilmington|,601 South College Road,Wilmington,North Carolina,28403-5963,-77.875527,34.225223,,17834,11677,2145
199847,6256,210,64,11,154777,102707,13071,1349,"Graduate Assistants, total",482,63,444,417,619,Wake Forest University,,1834 Wake Forest Road,Winston-Salem,North Carolina,27106,-80.277446,36.133609,,38650,13071,1349
199962,522,0,78,16,79476,72025,15198,1073,"Graduate Assistants, total",53,0,29,56,92,Wingate University,,220 North Camden Road,Wingate,North Carolina,28174-0159,-80.443050,34.986064,10780,9900,15198,1073
200280,2551,5,91,18,103568,81759,5230,1939,"Graduate Assistants, total",482,157,167,213,182,University of North Dakota,,"264 Centennial Drive, Stop 8193",Grand Forks,North Dakota,58202-8193,-97.071738,47.921654,,20526,5230,1939
200332,2435,179,94,20,110454,85737,6424,2633,"Graduate Assistants, total",899,401,116,173,183,North Dakota State University-Main Campus,"North Dakota State University, NDSU",1301  12th Avenue North,Fargo,North Dakota,58108-6050,-96.800838,46.893127,,15468,6424,2633
200800,2229,0,143,18,112851,87174,15109,3440,"Graduate Assistants, total",911,422,234,179,103,University of Akron Main Campus,,302 Buchtel Common,Akron,Ohio,44325-4702,-81.511679,41.078551,,13237,15109,3440
201441,2115,6,86,18,108280,83226,15629,3344,"Graduate Assistants, total",1066,250,179,215,112,Bowling Green State University-Main Campus,BGSU,220 McFall Ctr,Bowling Green,Ohio,43403,-83.640896,41.375513,,13473,15629,3344
201645,4470,561,206,11,145840,97987,25380,1309,"Graduate Assistants, total",842,312,478,314,285,Case Western Reserve University,Case|CWRU|Case Western Reserve,10900 Euclid Ave,Cleveland,Ohio,44106,-81.609596,41.507419,,43854,25380,1309
201885,6795,191,233,16,124851,86559,21593,5400,"Graduate Assistants, total",1822,698,569,612,822,University of Cincinnati-Main Campus,,2624 Clifton Avenue,Cincinnati,Ohio,45221-0063,-84.514280,39.131159,,24532,21593,5400
202134,1833,0,51,17,107675,82624,7537,1960,"Graduate Assistants, total",508,165,132,188,119,Cleveland State University,,2121 Euclid Avenue,Cleveland,Ohio,44115-2214,-81.674355,41.502281,,16297,7537,1960
202480,2735,0,39,15,115718,85210,15942,2226,"Graduate Assistants, total",299,68,130,165,118,University of Dayton,,300 College Park,Dayton,Ohio,45469,-84.176113,39.739547,,16182,15942,2226
203517,3669,0,170,20,109599,86401,15538,4292,"Graduate Assistants, total",1014,322,216,327,276,Kent State University at Kent,,"Executive Office, 2nd Floor Library",Kent,Ohio,44242-0001,-81.342533,41.146653,,20396,15538,4292
204024,3338,39,60,14,124388,90408,30255,3822,"Graduate Assistants, total",741,165,229,204,183,Miami University-Oxford,Miami of Ohio,501 East High St,Oxford,Ohio,45056,-84.732954,39.507757,,30194,30255,3822
204796,30336,103,818,19,141931,95110,47782,7209,"Graduate Assistants, total",4229,1632,1200,1106,1589,Ohio State University-Main Campus,,190 N. Oval Mall,Columbus,Ohio,43210,-83.014853,39.999324,12292,33032,47782,7209
204857,3824,0,137,17,108943,84176,26263,4049,"Graduate Assistants, total",1670,582,249,301,255,Ohio University-Main Campus,,020 Chubb Hall,Athens,Ohio,45701-2979,-82.100985,39.326798,,17436,26263,4049
206084,3115,63,113,21,103681,86089,10946,3228,"Graduate Assistants, total",861,392,195,213,143,University of Toledo,,2801 W Bancroft,Toledo,Ohio,43606-3390,-83.614714,41.660572,,23766,10946,3228
206604,2211,0,50,14,113806,88114,5826,2281,"Graduate Assistants, total",436,124,215,228,150,Wright State University-Main Campus,,3640 Colonel Glenn Highway,Dayton,Ohio,45435-0001,-84.064881,39.780634,,23578,5826,2281
207342,5437,0,44,8,100793,74500,,,"Graduate Assistants, total",218,62,197,208,391,University of Oklahoma-Health Sciences Center,,1105 Stonewall Avenue,Oklahoma City,Oklahoma,73117-1221,-97.496289,35.479280,,19778,,
207388,5105,103,223,20,109578,83663,13635,4220,"Graduate Assistants, total",1778,702,312,270,266,Oklahoma State University-Main Campus,,107 Whitehurst,Stillwater,Oklahoma,74078-1015,-97.069743,36.123085,,20381,13635,4220
207500,5626,383,213,18,119621,82843,15579,4473,"Graduate Assistants, total",1804,562,376,316,310,University of Oklahoma-Norman Campus,University of Oklahoma|Oklahoma University|OU|Oklahoma,660 Parrington Oval,Norman,Oklahoma,73019-3072,-97.444211,35.209407,,19778,15579,4473
207971,1257,0,43,11,121512,87241,7869,743,"Graduate Assistants, total",329,107,123,106,95,University of Tulsa,Tulsa University,800 South Tucker Drive,Tulsa,Oklahoma,74104-3189,-95.945941,36.152324,,22230,7869,743
208822,627,0,44,14,80416,70962,2877,634,"Graduate Assistants, total",149,1,64,55,79,George Fox University,,414 N Meridian St,Newberg,Oregon,97132,-122.967494,45.303629,,13015,2877,634
209490,7659,415,49,9,155810,108683,,,"Graduate Assistants, total",14,0,232,299,656,Oregon Health & Science University,OHSU| Oregon Health and Sciences University,3181 SW Sam Jackson Park Rd,Portland,Oregon,97239-3098,-122.686096,45.498772,,20412,,
209542,5555,631,259,18,123334,95584,14888,3819,"Graduate Assistants, total",1909,573,358,290,330,Oregon State University,,1500 SW Jefferson Avenue,Corvallis,Oregon,97331,-123.274723,44.563950,,22761,14888,3819
209551,4667,322,200,17,131726,96353,20317,3938,"Graduate Assistants, total",1408,265,289,294,180,University of Oregon,UO,110 Johnson Hall,Eugene,Oregon,97403,-123.075792,44.045146,12450,25515,20317,3938
209807,2730,97,78,20,108800,83751,6815,1929,"Graduate Assistants, total",726,166,231,221,235,Portland State University,,724 SW Harrison,Portland,Oregon,97201,-122.686289,45.511601,,21780,6815,1929
211440,5234,144,288,10,160803,109909,20497,1676,"Graduate Assistants, total",3008,1792,417,237,225,Carnegie Mellon University,Carnegie Mellon; CMU,5000 Forbes Avenue,Pittsburgh,Pennsylvania,15213-3890,-79.941993,40.443570,,42563,20497,1676
212054,4986,92,226,11,156583,114343,28454,3274,"Graduate Assistants, total",1085,359,269,248,166,Drexel University,Drexel,3141 Chestnut St,Philadelphia,Pennsylvania,19104,-75.190051,39.955217,,33156,28454,3274
212106,1816,0,78,13,111398,86886,7336,1562,"Graduate Assistants, total",448,100,98,181,164,Duquesne University,,Administration Bldg 600 Forbes Ave,Pittsburgh,Pennsylvania,15282,-79.993123,40.435890,,22662,7336,1562
213011,362,0,67,9,52643,45155,1565,201,"Graduate Assistants, total",11,0,25,17,18,Immaculata University,,1145 King Rd,Immaculata,Pennsylvania,19345,-75.570711,40.027981,,12780,1565,201
213020,1384,19,109,18,111746,87448,9880,2390,"Graduate Assistants, total",426,66,191,165,145,Indiana University of Pennsylvania-Main Campus,,1011 South Dr 201 Sutton Hall,Indiana,Pennsylvania,15705-1098,-79.159332,40.617531,,18000,9880,2390
213543,1814,0,101,9,159537,106975,13871,1234,"Graduate Assistants, total",552,248,188,161,111,Lehigh University,,27 Memorial Drive West,Bethlehem,Pennsylvania,18015,-75.380236,40.606822,,26280,13871,1234
214616,1965,36,21,,,,,,"Graduate Assistants, total",155,46,261,240,574,Pennsylvania State University-College of Medicine,Penn State,500 University Drive,Hershey,Pennsylvania,17033-2360,-76.674080,40.264245,,37022,,
214777,13850,670,695,16,151488,103949,56114,7863,"Graduate Assistants, total",3592,1617,852,583,550,Pennsylvania State University-Main Campus,Penn State,201 Old Main,University Park,Pennsylvania,16802-1503,-77.862848,40.796500,,35586,56114,7863
215062,17435,1481,585,6,217411,140052,40413,2456,"Graduate Assistants, total",81,4,909,335,369,University of Pennsylvania,"Penn, U of PA, U-Penn, U of P, Pennsylvania, UPenn, Pennsylvania University, University of Pennsylvania, Wharton, Wharton School of Business",34th & Spruce Street,Philadelphia,Pennsylvania,19104-6303,-75.193910,39.950929,,33604,40413,2456
215293,12224,805,416,14,147948,98065,27679,4019,"Graduate Assistants, total",1932,838,1018,983,1639,University of Pittsburgh-Pittsburgh Campus,,4200 Fifth Avenue,Pittsburgh,Pennsylvania,15260,-79.953254,40.444388,,36980,27679,4019
216339,7542,0,274,14,141607,96733,35880,5171,"Graduate Assistants, total",1010,393,593,635,939,Temple University,,1801 North Broad Street,Philadelphia,Pennsylvania,19122-6096,-75.156859,39.980546,,22158,35880,5171
216597,2399,11,27,11,140508,103669,21123,1724,"Graduate Assistants, total",314,70,160,186,199,Villanova University,,800 Lancaster Avenue,Villanova,Pennsylvania,19085-1699,-75.345457,40.039388,,18373,21123,1724
216852,1024,0,51,13,98327,73122,6045,787,"Graduate Assistants, total",23,0,76,97,66,Widener University,,One University Place,Chester,Pennsylvania,19013-5792,-75.355363,39.861689,,22300,6045,787
216931,705,0,23,13,109653,84951,4067,607,"Graduate Assistants, total",39,0,34,61,67,Wilkes University,Wilkes,84 West South Street,Wilkes-Barre,Pennsylvania,18766,-75.890262,41.244199,,23280,4067,607
217156,4163,414,210,7,181173,118025,32723,1637,"Graduate Assistants, total",909,276,405,140,149,Brown University,,One Prospect Street,Providence,Rhode Island,02912,-71.403850,41.826170,,52231,32723,1637
217484,2760,21,100,17,121844,89458,21909,3171,"Graduate Assistants, total",588,0,281,155,178,University of Rhode Island,URI,"Green Hall, 35 Campus Avenue",Kingston,Rhode Island,02881,-71.527356,41.484691,,25216,21909,3171
217882,4993,220,231,16,132467,94613,26242,3650,"Graduate Assistants, total",2033,641,348,287,277,Clemson University,,201 Sikes Hall,Clemson,South Carolina,29634,-82.835114,34.679381,,19528,26242,3650
218335,3020,1001,179,10,126341,108032,,,"Graduate Assistants, total",96,0,68,53,60,Medical University of South Carolina,MUSC,179 Ashley Ave,Charleston,South Carolina,29425,-79.947158,32.784363,,22164,,
218663,6520,66,317,17,134035,92822,26015,5879,"Graduate Assistants, total",2437,621,452,490,497,University of South Carolina-Columbia,,Columbia-Campus,Columbia,South Carolina,29208,-81.026935,33.996788,,27968,26015,5879
219356,1895,103,54,17,94092,79447,5551,2272,"Graduate Assistants, total",549,275,125,93,149,South Dakota State University,,1015 Campanile Avenue,Brookings,South Dakota,57007-1898,-96.782139,44.317485,,14521,5551,2272
219471,1384,5,47,16,100368,75844,3865,1341,"Graduate Assistants, total",274,51,73,98,129,University of South Dakota,USD,414 E Clark St,Vermillion,South Dakota,57069-2390,-96.925283,42.786019,,14521,3865,1341
219806,364,0,48,12,55359,51462,3294,395,"Graduate Assistants, total",33,0,33,48,37,Carson-Newman University,,1646 S Russell Ave,Jefferson City,Tennessee,37760,-83.491709,36.122934,,8730,3294,395
219976,897,3,39,14,76072,71897,3581,641,"Graduate Assistants, total",36,3,65,52,80,Lipscomb University,David Lipscomb University |David Lipscomb |Lipscomb,One University Park Drive,Nashville,Tennessee,37204-3951,-86.799304,36.104690,,18666,3581,641
220075,2490,39,145,16,82061,68634,8169,2050,"Graduate Assistants, total",665,158,211,216,226,East Tennessee State University,ETSU,1276 Gilbreath Drive,Johnson City,Tennessee,37614,-82.366954,36.301643,,22950,8169,2050
220862,2796,33,162,14,115892,79458,13741,2669,"Graduate Assistants, total",1139,272,215,242,270,University of Memphis,,Southern Avenue,Memphis,Tennessee,38152,-89.938068,35.118878,,17838,13741,2669
220978,2298,21,75,18,84677,66471,9938,3016,"Graduate Assistants, total",572,88,313,216,177,Middle Tennessee State University,,1301 East Main Street,Murfreesboro,Tennessee,37132,-86.360618,35.848005,,22860,9938,3016
221759,7701,107,381,17,139922,96731,18872,4895,"Graduate Assistants, total",2653,695,505,381,346,The University of Tennessee-Knoxville,,527 Andy Holt Tower,Knoxville,Tennessee,37996,-83.925852,35.952082,10696,29432,18872,4895
221838,1413,35,73,18,85773,64333,,,"Graduate Assistants, total",206,83,107,112,108,Tennessee State University,,3500 John A. Merritt Blvd,Nashville,Tennessee,37209-1561,-86.829370,36.168990,,21330,,
221847,1239,4,23,18,92159,74377,7143,1761,"Graduate Assistants, total",289,104,146,82,91,Tennessee Technological University,Tennessee Tech University|Tennessee Tech|TTU|Tenn Tech|TN Tech|Tech|,1 William L. Jones Drive,Cookeville,Tennessee,38505-0001,-85.503957,36.174659,,24280,7143,1761
221971,522,0,88,10,76363,66965,2634,344,"Graduate Assistants, total",12,0,91,51,73,Union University,,1050 Union University Dr,Jackson,Tennessee,38305-3697,-88.858524,35.676896,,8000,2634,344
221999,5765,313,337,7,188019,112570,31462,1607,"Graduate Assistants, total",1335,317,440,261,267,Vanderbilt University,,2101 West End Avenue,Nashville,Tennessee,37240,-86.803369,36.146590,,45840,31462,1607
223232,2962,13,110,14,123587,90243,37083,3320,"Graduate Assistants, total",1201,197,296,267,194,Baylor University,,,Waco,Texas,76798,-97.117641,31.548960,,29700,37083,3320
224147,1269,63,38,20,98424,73025,12464,2262,"Graduate Assistants, total",272,93,93,100,208,Texas A & M University-Corpus Christi,,6300 Ocean Dr.,Corpus Christi,Texas,78412-5503,-97.323950,27.713723,9195,11214,12464,2262
224305,242,0,38,,73911,68153,,,"Graduate Assistants, total",42,0,34,16,8,Dallas Theological Seminary,,3909 Swiss Ave,Dallas,Texas,75204,-96.779957,32.794300,,15590,,
224554,968,1,33,21,100538,81659,9520,1161,"Graduate Assistants, total",359,0,83,87,147,Texas A & M University-Commerce,A&M Commerce |Texas A&M Commerce,2600 South Neal,Commerce,Texas,75429-3011,-95.908451,33.243745,,11100,9520,1161
225511,5239,102,358,22,149087,98276,20768,4959,"Graduate Assistants, total",2209,1299,414,350,253,University of Houston,,212 E. Cullen Building,Houston,Texas,77204-2018,-95.343537,29.720393,,17334,20768,4959
225627,1217,0,29,13,87122,75806,4149,808,"Graduate Assistants, total",29,3,72,106,137,University of the Incarnate Word,"UIW|Incarnate Word|Incarnate|Incarnate Word, University of|Incarnate Word, Univ of|Univ. of the Incarnate Word",4301 Broadway,San Antonio,Texas,78209,-98.465830,29.467080,,16470,4149,808
226091,1404,1,86,17,102031,81013,5445,1447,"Graduate Assistants, total",198,11,94,117,140,Lamar University,,4400 MLK Blvd,Beaumont,Texas,77705,-94.072244,30.042738,,13644,5445,1447
227216,3676,69,268,26,129096,97305,18650,4992,"Graduate Assistants, total",1546,184,325,288,154,University of North Texas,UNT|North Texas|Mean Grean,1501 W.Chestnut Ave.,Denton,Texas,76203-1277,-97.148422,33.211178,9406,12920,18650,4992
227331,483,0,41,11,73713,61319,3389,338,"Graduate Assistants, total",26,0,28,21,52,Our Lady of the Lake University,OLLU,411 SW 24th St.,San Antonio,Texas,78207-4689,-98.543950,29.425611,,16002,3389,338
227881,2147,0,69,21,98437,77730,12383,2873,"Graduate Assistants, total",346,61,168,195,194,Sam Houston State University,,1806 Ave J,Huntsville,Texas,77340,-95.546205,30.714738,,12861,12383,2873
228246,2483,75,89,11,165705,110155,13128,1423,"Graduate Assistants, total",374,184,219,163,97,Southern Methodist University,SMU,6425 Boaz St,Dallas,Texas,75275-0221,-96.784855,32.845254,,40896,13128,1423
228459,3910,106,40,22,103291,81587,24277,5874,"Graduate Assistants, total",1091,1,272,265,228,Texas State University,Texas State|Texas State University-San Marcos|Southwest Texas State University|Southwest Texas State|SWT|SWTSU|Texas State San Marcos|TxSt|TxState|TS|,601 University Dr,San Marcos,Texas,78666,-97.943029,29.888885,,14692,24277,5874
228635,5689,16,98,,102113,102388,,,"Graduate Assistants, total",395,99,420,381,838,University of Texas Southwestern Medical Center,UT Southwestern |UT Southwestern Medical School |UT Southwestern Graduate School of Biomedical Sciences |UT Southwestern Allied Health Sciences School |UTSW Medical School |UTSW Graduate School |UTSW Allied Health School |UTSWMC |UTSWMC Medical School |UTSWMC Graduate School |UTSWMC Allied Health School |University of Texas Southwestern Medical School |University of Texas Southwestern Graduate School of Biomedical Sciences |University of Texas Southwestern Allied Health Sciences School |University of Texas Southwestern School of Health Professions,5323 Harry Hines Blvd,Dallas,Texas,75390-9096,-96.841156,32.812307,,15776,,
228644,4981,420,43,11,123149,81639,,,"Graduate Assistants, total",573,0,225,199,327,The University of Texas Health Science Center at San Antonio,UT Health San Antonio,7703 Floyd Curl Dr,San Antonio,Texas,78229-3900,-98.576060,29.504716,,11384,,
228653,3522,71,49,14,106225,84942,,,"Graduate Assistants, total",192,17,170,103,137,The University of Texas Medical Branch,The University of Texas Medical Branch at Galveston|UTMB,301 University Blvd,Galveston,Texas,77555-0129,-94.775956,29.310758,,16867,,
228705,952,0,23,18,89814,74403,6717,1093,"Graduate Assistants, total",235,132,98,81,120,Texas A & M University-Kingsville,Texas A&M-Kingsville |A&M-Kingsville,955 University Blvd,Kingsville,Texas,78363,-97.882387,27.525168,8760,10698,6717,1093
228723,10058,382,761,21,142677,97740,36669,11639,"Graduate Assistants, total",3644,1596,1118,715,635,Texas A & M University-College Station,Texas A&M | TAMU,"JKW Administration Building, Suite 200",College Station,Texas,77843-1248,-96.336475,30.618726,10368,16461,36669,11639
228769,3139,97,207,24,130312,94259,12333,3375,"Graduate Assistants, total",1154,79,231,233,105,The University of Texas at Arlington,UT Arlington,701 S. Nedderman Dr.,Arlington,Texas,76013,-97.112960,32.729718,,17110,12333,3375
228778,13805,0,827,18,156505,105818,51033,8381,"Graduate Assistants, total",5079,1952,979,525,320,The University of Texas at Austin,UT Austin,110 Inner Campus Drive,Austin,Texas,78712,-97.738273,30.282825,10070,22178,51033,8381
228787,3277,128,201,24,164067,122941,11791,3177,"Graduate Assistants, total",1472,770,253,148,136,The University of Texas at Dallas,UT Dallas,800 West Campbell  Road,Richardson,Texas,75080-3021,-96.749702,32.984673,,25252,11791,3177
228796,2545,43,106,20,112955,86662,9382,3583,"Graduate Assistants, total",929,81,170,193,148,The University of Texas at El Paso,UTEP,500 W. University Ave,El Paso,Texas,79968-0691,-106.503560,31.771697,,12958,9382,3583
228802,1089,6,22,19,98344,82650,2511,716,"Graduate Assistants, total",242,69,61,79,86,The University of Texas at Tyler,UT Tyler,3900 University Blvd,Tyler,Texas,75799-6699,-95.254337,32.315772,,12690,2511,716
228875,2287,15,35,13,144726,103318,19740,1955,"Graduate Assistants, total",49,4,178,207,170,Texas Christian University,TCU,2800 S University Dr,Fort Worth,Texas,76129,-97.361537,32.709568,,27990,19740,1955
229027,3438,90,126,25,124770,88460,15973,5030,"Graduate Assistants, total",776,174,244,208,166,The University of Texas at San Antonio,UTSA,One UTSA Circle,San Antonio,Texas,78249-1644,-98.621386,29.582418,,21938,15973,5030
229063,1181,0,45,19,99771,80101,12995,1975,"Graduate Assistants, total",228,42,94,95,45,Texas Southern University,TSU,3100 Cleburne St,Houston,Texas,77004,-95.361961,29.722468,9664,12742,12995,1975
229115,4912,130,358,20,121923,87324,25207,5883,"Graduate Assistants, total",2253,916,394,386,385,Texas Tech University,,Broadway and University Avenue,Lubbock,Texas,79409-5005,-101.874783,33.583448,,13068,25207,5883
229179,1470,0,116,18,100369,73287,5502,1280,"Graduate Assistants, total",405,0,116,157,170,Texas Woman's University,TWU,304 Administration Dr,Denton,Texas,76204,-97.129088,33.227002,,12142,5502,1280
229300,7524,0,132,5,130834,91640,,,"Graduate Assistants, total",520,226,333,356,984,The University of Texas Health Science Center at Houston,UTHealth |UTHSC-H |The UT Health Science Center at Houston,7000 Fannin,Houston,Texas,77030,-95.403183,29.702873,,28515,,
229337,6103,22,48,6,124181,88701,,,"Graduate Assistants, total",94,0,168,263,446,Texas Tech University Health Sciences Center,,3601 4th Street,Lubbock,Texas,79430,-101.891915,33.589284,,15792,,
230038,4588,47,93,20,120009,92465,12858,5440,"Graduate Assistants, total",1493,179,400,492,351,Brigham Young University-Provo,BYU,Main Campus,Provo,Utah,84602,-111.649281,40.250851,7530,6880,12858,5440
230728,3346,27,95,20,105175,83369,15555,4242,"Graduate Assistants, total",934,173,257,262,297,Utah State University,,Old Main Hill,Logan,Utah,84322-1400,-111.813910,41.740748,,19564,15555,4242
230764,12415,1288,339,16,133298,93110,22400,4119,"Graduate Assistants, total",2532,816,518,319,279,University of Utah,The U,"201 Presidents Circle, ROOM 201",Salt Lake City,Utah,84112-9008,-111.846044,40.762484,,23740,22400,4119
231174,3758,162,69,16,119696,90726,21991,2642,"Graduate Assistants, total",458,36,308,345,354,University of Vermont,University of Vermont and State Agricultural College |UVM |UVT |Vermont,85 S Prospect St,Burlington,Vermont,05405-0160,-73.196646,44.477325,,39120,21991,2642
231624,2537,33,85,11,133921,100910,14921,1531,"Graduate Assistants, total",665,140,250,187,169,College of William and Mary,William & Mary,200 Richmond Road,Williamsburg,Virginia,23187-8795,-76.708214,37.269489,,25920,14921,1531
232186,4391,172,283,16,138949,93701,18993,3489,"Graduate Assistants, total",1385,482,363,445,402,George Mason University,Mason,4400 University Dr,Fairfax,Virginia,22030-4444,-77.307428,38.829976,,30932,18993,3489
232557,5474,0,255,18,82347,71308,32854,4355,"Graduate Assistants, total",285,0,173,193,810,Liberty University,,1971 University Blvd,Lynchburg,Virginia,24515,-79.182220,37.350232,,8217,32854,4355
232982,2779,26,155,18,106466,76884,11159,2938,"Graduate Assistants, total",566,192,218,220,172,Old Dominion University,"ODU, Old Dominion",5115 Hampton Blvd,Norfolk,Virginia,23529,-76.306660,36.886418,,26820,11159,2938
233541,753,0,100,10,83517,70474,1737,438,"Graduate Assistants, total",40,1,52,78,107,Shenandoah University,SU,1460 University Dr,Winchester,Virginia,22601-5195,-78.158376,39.166058,10180,20710,1737,438
233921,7842,817,516,14,137265,97297,27423,6836,"Graduate Assistants, total",3418,1471,576,507,491,Virginia Polytechnic Institute and State University,Virginia Tech,"210 Burruss Hall, 800 Drillfield Dr.",Blacksburg,Virginia,24061-0131,-80.423675,37.229012,,26069,27423,6836
234030,6460,323,306,18,126173,86861,15248,4130,"Graduate Assistants, total",1105,221,442,581,902,Virginia Commonwealth University,VCU,910 W Franklin St,Richmond,Virginia,23284-2512,-77.453597,37.547631,,23487,15248,4130
234076,9214,362,361,15,170715,116397,36779,3788,"Graduate Assistants, total",1641,591,769,644,723,University of Virginia-Main Campus,University of Virginia |UVa |UVA,1827 University Avenue,Charlottesville,Virginia,22903-2628,-78.503428,38.035665,,26048,36779,3788
236939,6256,334,315,15,122504,87422,22565,4612,"Graduate Assistants, total",1766,689,334,308,241,Washington State University,,French Administration Building,Pullman,Washington,99164-5910,-117.158168,46.730448,,24656,22565,4612
236948,17029,2610,624,19,144302,108648,44877,6793,"Graduate Assistants, total",2670,718,1317,907,934,University of Washington-Seattle Campus,"UW-Seattle, UDub, UW, Washington",1400 NE Campus Parkway,Seattle,Washington,98195-4550,-122.305140,47.655380,12117,27255,44877,6793
238032,5926,81,239,20,118710,80749,20594,5225,"Graduate Assistants, total",1573,549,432,425,436,West Virginia University,,PO Box 6201,Morgantown,West Virginia,26506,-79.954391,39.634371,,24390,20594,5225
238430,311,0,30,10,67637,55045,642,142,"Graduate Assistants, total",15,1,8,15,53,Cardinal Stritch University,Stritch,6801 N Yates Rd,Milwaukee,Wisconsin,53217-3985,-87.909045,43.139752,8118,12282,642,142
238661,436,0,31,9,71183,60155,1447,284,"Graduate Assistants, total",6,0,31,47,19,Edgewood College,,1000 Edgewood College Drive,Madison,Wisconsin,53711-1997,-89.422884,43.057059,10494,16740,1447,284
239105,2408,35,54,14,118835,90202,12957,2023,"Graduate Assistants, total",591,119,160,211,208,Marquette University,,1250 W Wisconsin Avenue,Milwaukee,Wisconsin,53233,-87.927961,43.039030,,19800,12957,2023
240444,15074,1144,873,18,127519,94586,35596,6609,"Graduate Assistants, total",5003,1705,1505,727,943,University of Wisconsin-Madison,,500 Lincoln Dr,Madison,Wisconsin,53706-1380,-89.404098,43.075409,,24054,35596,6609
240453,2979,83,180,18,102382,78459,10232,3233,"Graduate Assistants, total",1129,406,233,355,174,University of Wisconsin-Milwaukee,UWM,2200 E Kenwood Blvd,Milwaukee,Wisconsin,53211,-87.880488,43.076848,,23424,10232,3233
240727,2710,183,106,15,117047,82044,4306,1696,"Graduate Assistants, total",904,299,191,205,136,University of Wyoming,UW,Corner of Ninth and Ivinson,Laramie,Wyoming,82071,-105.579310,41.311773,,13500,4306,1696
241331,214,0,56,14,45304,31666,192,106,"Graduate Assistants, total",7,0,6,16,4,Carlos Albizu University-San Juan,Albizu-San Juan,"151 Tanca St, Corner San Francisco St, Old San Juan",San Juan,Puerto Rico,00902-3711,-66.113908,18.466573,,5802,192,106
243081,461,49,36,6,84075,68586,,,"Graduate Assistants, total",18,0,26,19,40,Ponce Health Sciences University,,Urb Industrial Reparada Marginal St Lot 2,Ponce,Puerto Rico,00732,-66.620343,17.993242,,15032,,
243221,2613,19,126,15,61950,52240,6046,2129,"Graduate Assistants, total",11,0,469,152,201,University of Puerto Rico-Rio Piedras,,39 Ponce de Leon  Ave,San Juan,Puerto Rico,00931-0000,-66.050009,18.402826,,6628,6046,2129
243744,15619,1635,752,12,244530,157690,44073,1700,"Graduate Assistants, total",3422,1388,1198,419,435,Stanford University,,,Stanford,California,94305,-122.167359,37.429434,,48987,44073,1700
243780,10489,476,746,13,139863,101222,49354,7728,"Graduate Assistants, total",4954,2706,767,483,503,Purdue University-Main Campus,Purdue-West Lafayette|Purdue|PU|Purdue-WL,Hovde Hall of Administration,West Lafayette,Indiana,47907-2040,-86.914435,40.428206,,28010,49354,7728
445188,1406,75,43,20,152928,109969,22574,2293,"Graduate Assistants, total",572,176,58,66,107,University of California-Merced,UC Merced,5200 North Lake Road,Merced,California,95343-5603,-120.424944,37.366237,16790,26604,22574,2293
448886,1569,16,104,15,127378,88687,5340,1301,"Graduate Assistants, total",292,43,121,105,105,Arizona State University-Downtown Phoenix,ASU Downtown Phoenix,411 N Central Ave,Phoenix,Arizona,85004,-112.073470,33.452914,,24320,5340,1301
483124,1141,6,43,23,129024,96097,10432,2059,"Graduate Assistants, total",12,1,115,120,96,Arizona State University-Skysong,ASU Skysong,1475 N Scottsdale Rd,Scottsdale,Arizona,85257,-111.923861,33.463786,,6144,10432,2059
486840,3609,1,41,21,83042,67630,13998,5237,"Graduate Assistants, total",262,64,240,291,294,Kennesaw State University,KSU,1000 Chastain Rd,Kennesaw,Georgia,30144,-84.583052,34.038807,,17541,13998,5237
487010,4504,105,179,7,134400,103077,,,"Graduate Assistants, total",174,61,287,331,560,The University of Tennessee-Health Science Center,UTHSC,,Memphis,Tennessee,38163,-90.030435,35.140634,,28638,,
