unitid,Institution Name,DRVHR2017_RV.Total FTE staff,DRVHR2017_RV.Research FTE,phd_students_with_RA_scholarship,student_to_faculty_ratio,DRVHR2017_RV.Average salary equated to 9 months of full-time instructional staff - professors,DRVHR2017_RV.Average salary equated to 9 months of full-time instructional staff - associate professors,ADM2017_RV.Applicants total,ADM2017_RV.Enrolled total,S2017_OC.Occupation and full- and part-time status,S2017_OC_RV.Grand total,S2017_OC_RV.Nonresident alien total,professors,associate_professors,assistant_professors,inst_name,HD2017.Institution name alias,HD2017.Street address or post office box,city_location_of_inst,State,HD2017.ZIP code,inst_long,inst_lat,IC2017.Combined charge for room and board,out_of_state_average_tuition_FT_grads,ADM2017_RV.Applicants total,ADM2017_RV.Enrolled total
100663,University of Alabama - Birmingham,8686,0,126,19,133824,92572,7555,2299,"Graduate Assistants, total",513,169,704,608,813,University of Alabama at Birmingham,,Administration Bldg Suite 1070,Birmingham,Alabama,35294-0110,-86.799345,33.505697,,17910,7555,
100751,The University of Alabama,6166,0,245,23,145143,96886,38129,7407,"Graduate Assistants, total",1555,403,311,337,461,The University of Alabama,,739 University Blvd,Tuscaloosa,Alabama,35487-0166,-87.545978,33.211875,,28100,38129,
100858,Auburn University,5742,21,289,19,123177,89733,18072,4836,"Graduate Assistants, total",2113,793,411,377,356,Auburn University,,,Auburn,Alabama,36849,-85.488258,32.599378,,28026,18072,
104151,Arizona State University,8272,131,508,20,144769,102877,24127,7874,"Graduate Assistants, total",3360,1534,622,468,465,Arizona State University-Tempe,"ASU Tempe, ASU Main",University Drive and Mill Avenue,Tempe,Arizona,85287,-111.934383,33.417721,,24320,,
104179,University of Arizona,10344,723,442,15,130840,92882,33608,7360,"Graduate Assistants, total",2741,918,752,449,509,University of Arizona,"UA|U of A|Arizona|UofA|The University of Arizona|University of Arizona|University of Az|AZ|Univ. of Arizona|Univ. of Az|Tucson|Tucson, AZ|the university of Arizona|the Univ. of Az|the U of AZ|the U of Az|Ariz.|Arizona University|Az+university|85721|AZ+univ|AZ university|",1401 E University,Tucson,Arizona,85721-0066,-110.950815,32.232672,,31463,,
105330,Northern Arizona University,3376,19,38,19,106171,77652,36875,5900,"Graduate Assistants, total",631,94,300,218,251,Northern Arizona University,NAU,"1900 S. Knoles Dr., Babbitt Administrative Center, Room 200",Flagstaff,Arizona,86011-4092,-111.653724,35.188449,,,,
106245,University of Arkansas - Little Rock,1531,3,26,14,86183,70081,2109,742,"Graduate Assistants, total",267,138,136,125,102,University of Arkansas at Little Rock,UA Little Rock|University of Arkansas-Little Rock|Arkansas Little Rock|,2801 S University Ave,Little Rock,Arkansas,72204,-92.339778,34.723254,,17400,2109,
106397,University of Arkansas,5209,21,168,18,124776,91825,21715,5066,"Graduate Assistants, total",1574,483,336,233,256,University of Arkansas,University of Arkansas|Arkansas,Administration Bldg 425,Fayetteville,Arkansas,72701,-94.176981,36.070009,,19784,21715,
110404,California Institute of Technology,3145,673,180,3,202821,149012,7339,235,"Graduate Assistants, total",980,470,245,6,44,California Institute of Technology,Caltech,1200 E California Blvd,Pasadena,California,91125,-118.125878,34.137349,,48111,7339,
110635,University of California - Berkeley,10774,1453,818,18,189172,130215,85044,6379,"Graduate Assistants, total",4722,1264,877,315,263,University of California-Berkeley,UC Berkeley,200 California Hall,Berkeley,California,94720,-122.260463,37.871918,17549,26604,85044,
110644,University of California - Davis,12294,1394,517,20,157925,108698,70952,5868,"Graduate Assistants, total",3900,1041,1222,491,575,University of California-Davis,UC Davis,One Shields Avenue,Davis,California,95616-8678,-121.749567,38.539667,16136,26604,70952,
110653,University of California - Irvine,7689,746,403,18,173134,116657,85092,6545,"Graduate Assistants, total",3128,772,866,391,352,University of California-Irvine,UCI |UC Irvine,501 Aldrich Hall,Irvine,California,92697,-117.841248,33.648434,14861,26604,85092,
110662,University of California - Los Angeles,22317,1321,770,18,206181,132413,102225,6038,"Graduate Assistants, total",4902,1313,1705,610,865,University of California-Los Angeles,UCLA,405 Hilgard Ave,Los Angeles,California,90095-1405,-118.443901,34.068892,15441,26604,102225,
110671,University of California - Riverside,4180,361,268,22,157622,105251,43671,4596,"Graduate Assistants, total",1893,507,364,210,298,University of California-Riverside,UC Riverside,900 University Ave,Riverside,California,92521,-117.32741,33.97246,15542,26604,43671,
110680,University of California - San Diego,13688,1494,531,19,180062,126722,88446,5699,"Graduate Assistants, total",4177,1557,1175,467,596,University of California-San Diego,UCSD |UC San Diego,9500 Gilman Dr,La Jolla,California,92093,-117.237793,32.876598,13115,26604,88446,
110705,University of California - Santa Barbara,4627,456,321,18,176411,107630,81824,4538,"Graduate Assistants, total",2073,632,521,146,164,University of California-Santa Barbara,UCSB |UC Santa Barbara,5221 Cheadle Hall,Santa Barbara,California,93106,-119.846426,34.416297,15169,26604,81824,
110714,University of California - Santa Cruz,3390,274,167,19,160197,109990,52969,4048,"Graduate Assistants, total",1510,307,295,131,126,University of California-Santa Cruz,UC Santa Cruz,1156 High St,Santa Cruz,California,95064-1011,-122.058801,36.995584,16055,26604,52969,
112251,Claremont Graduate University,317,3,174,,146363,101356,,,"Graduate Assistants, total",144,1,46,35,10,Claremont Graduate University,,150 E Tenth St,Claremont,California,91711-6160,-117.713703,34.103585,,34236,,
120883,University of the Pacific,1816,1,49,13,112165,90364,13064,899,"Graduate Assistants, total",141,22,156,138,114,University of the Pacific,Pacific | UOP | University of Pacific | Pacific University | U. Pacific | Univ. of Pacific | U. of Pacific,3601 Pacific Ave,Stockton,California,95211-0197,-121.312301,37.981424,13356,45786,13064,
123961,University of Southern California,14737,276,679,9,180354,112696,56676,3358,"Graduate Assistants, total",2039,538,1017,651,505,University of Southern California,USC,University Park,Los Angeles,California,90089,-118.284169,34.021281,,43200,56676,
126580,Univ. of Colorado Colorado Springs,1283,22,30,16,107791,85669,9909,2037,"Graduate Assistants, total",46,0,82,81,95,University of Colorado Colorado Springs,UCCS,1420 Austin Bluffs Parkway,Colorado Springs,Colorado,80918,-104.800296,38.892735,10100,20935,9909,
126614,University of Colorado Boulder,7856,857,392,18,139649,102743,36148,6569,"Graduate Assistants, total",2669,575,491,387,302,University of Colorado Boulder,U of Colorado|Univ of Colorado|University of Colorado|U of CO|Univ of CO|University of CO|Boulder|CU|CU-Boulder|UCB|CUB|Colorado|Colorado University|U of Colo|Univ of Colo|University of Colo|Colo|Buffs|Buffalos|Buffaloes|CU at Boulder|Golden Buffs|University of Colorado at Boulder,Regent Drive at Broadway,Boulder,Colorado,80309-0017,-105.270823,40.008781,13998,29502,36148,
126775,Colorado School of Mines,1055,123,99,16,139643,104694,10618,1135,"Graduate Assistants, total",650,220,88,60,61,Colorado School of Mines,Mines,1500 Illinois St,Golden,Colorado,80401,-105.223364,39.751443,,35220,10618,
126818,Colorado State University,6799,1246,223,16,124721,92469,23137,5124,"Graduate Assistants, total",1836,347,429,366,378,Colorado State University-Fort Collins,,102 Administration Building,Fort Collins,Colorado,80523-0100,-105.080732,40.574805,,24312,23137,
127060,University of Denver,2539,14,118,11,133923,99831,19904,1504,"Graduate Assistants, total",616,104,198,219,147,University of Denver,DU,2199 S. University Blvd,Denver,Colorado,80208,-104.963259,39.678005,,47520,19904,
129020,University of Connecticut,8625,306,345,16,148165,101324,34198,3683,"Graduate Assistants, total",2410,932,593,565,716,University of Connecticut,,352 Mansfield Road,Storrs,Connecticut,6269,-72.249948,41.809098,,35812,34198,
130794,Yale University,14439,1965,375,6,214575,134454,32879,1579,"Graduate Assistants, total",3081,948,1025,490,734,Yale University,,Woodbridge Hall,New Haven,Connecticut,6520,-72.926688,41.311158,,41000,32879,
130943,University of Delaware,4591,0,254,15,150374,107227,27803,4671,"Graduate Assistants, total",1712,694,390,363,337,University of Delaware,UD,104 Hullihen Hall,Newark,Delaware,19716,-75.752822,39.679577,,31860,27803,
131469,George Washington University,5620,91,251,13,178440,116988,26987,2610,"Graduate Assistants, total",775,2,398,376,283,George Washington University,GWU|GW,"2121 I Street, NW",Washington,District of Columbia,20052,-77.048363,38.89923,,29790,,
131496,Georgetown University,5480,339,124,11,203899,129416,21462,1597,"Graduate Assistants, total",648,215,415,265,110,Georgetown University,Georgetown|GU,37th and O St NW,Washington,District of Columbia,20057-0001,-77.073463,38.908809,,47880,21462,
132903,University of Central Florida,5657,338,279,30,138421,96020,37693,6879,"Graduate Assistants, total",1670,661,276,371,318,University of Central Florida,UCF,4000 Central Florida Blvd,Orlando,Florida,32816,-81.200889,28.602159,,25759,37693,
133669,Florida Atlantic University,3121,80,115,24,111365,83638,15176,2791,"Graduate Assistants, total",945,221,221,222,175,Florida Atlantic University,FAU,777 Glades Rd,Boca Raton,Florida,33431-0991,-80.102978,26.372421,11906,16695,15176,
133881,Florida Institute of Technology,1168,35,57,15,109131,85889,8898,721,"Graduate Assistants, total",392,0,84,90,108,Florida Institute of Technology,Florida Tech,150 West University Boulevard,Melbourne,Florida,32901-6975,-80.622893,28.065815,,22338,8898,
133951,Florida International University,5486,248,199,27,130286,97319,19757,4335,"Graduate Assistants, total",1142,489,261,310,304,Florida International University,FIU,11200 S. W. 8 Street,Miami,Florida,33199,-80.373928,25.75732,,21393,19757,
134097,Florida State University,6630,503,398,22,132250,96316,35334,6523,"Graduate Assistants, total",3021,785,506,318,332,Florida State University,Florida State|F.S.U.|FSU|F. S. U.|Fla. State University|Fla. State|Fl State University|Fl State|FL State University|FL State|Seminoles|Noles|Florida State Seminoles|Florida State University Seminoles|Fl. State|Fl. State University|The Florida State University|Floridia State University|Florda State University|Florida State Univerisity|Flordia State University|Florida State Unversity|,222 S. Copeland Street,Tallahassee,Florida,32306-1037,-84.291921,30.440756,,24116,35334,
134130,University of Florida,14407,629,728,19,146358,98184,32747,6428,"Graduate Assistants, total",3901,1357,1031,629,486,University of Florida,,Tigert Hall,Gainesville,Florida,32611,-82.347911,29.64629,,27335,32747,
135726,University of Miami,11484,179,209,12,162639,109625,30638,2212,"Graduate Assistants, total",1256,420,615,344,248,University of Miami,,University of Miami,Coral Gables,Florida,33146,-80.278662,25.72126,,35280,30638,
137351,University of South Florida,7614,371,332,22,127921,92844,31944,4165,"Graduate Assistants, total",2132,758,448,464,440,University of South Florida-Main Campus,USF Main Campus |USF Tampa Campus |USF Tampa |USF,4202 East Fowler Ave,Tampa,Florida,33620-9951,-82.413232,28.061458,,19048,31944,
139658,Emory University,11298,965,251,9,173155,118274,23747,1388,"Graduate Assistants, total",1314,335,570,452,1023,Emory University,,"408 Administration Building, 201 Dowman Drive",Atlanta,Georgia,30322,-84.325512,33.790183,,40800,,
139755,Georgia Institute of Technology,7350,175,508,22,150946,102672,31497,2861,"Graduate Assistants, total",3839,634,403,260,166,Georgia Institute of Technology-Main Campus,Georgia Tech,225 North Ave,Atlanta,Georgia,30332-0530,-84.394832,33.77242,,28568,31497,
139940,Georgia State University,5203,68,262,23,122238,81963,14462,4208,"Graduate Assistants, total",2924,852,280,330,253,Georgia State University,,33 gilmer st,Atlanta,Georgia,30303-3083,-84.38667,33.7527,,22518,14462,
139959,University of Georgia,10390,141,543,17,127314,94892,24165,5826,"Graduate Assistants, total",3468,780,732,554,452,University of Georgia,,Administration Building,Athens,Georgia,30602,-83.374039,33.956262,,24692,24165,
141334,University of West Georgia,1703,1,39,20,79631,63014,7912,2240,"Graduate Assistants, total",229,0,109,118,123,University of West Georgia,,1601 Maple St,Carrollton,Georgia,30118-0001,-85.097762,33.573621,,15876,7912,
141574,University of Hawaii at Manoa,4205,207,190,12,131918,98843,8501,1959,"Graduate Assistants, total",1236,240,449,337,271,University of Hawaii at Manoa,UH at Manoa |UHM,2500 Campus Road,Honolulu,Hawaii,96822-2217,-157.818979,21.298598,,36768,8501,
142115,Boise State University,2713,32,28,17,89254,74004,8876,2743,"Graduate Assistants, total",461,89,173,206,214,Boise State University,Boise State,1910 University Dr,Boise,Idaho,83725,-116.203301,43.604284,,21787,8876,
142285,University of Idaho,2493,53,54,14,102909,80361,7087,1537,"Graduate Assistants, total",612,161,177,167,185,University of Idaho,UIdaho,875 Perimeter Drive MS 2282,Moscow,Idaho,83844-2282,-117.014167,46.727406,8670,23046,7087,
144050,University of Chicago,10223,1323,387,5,239787,125780,27694,1736,"Graduate Assistants, total",660,286,873,407,620,University of Chicago,,5801 S Ellis Ave,Chicago,Illinois,60637,-87.599539,41.787994,15726,55836,27694,
144740,DePaul University,2864,0,21,16,131383,96625,21613,2542,"Graduate Assistants, total",250,55,202,362,176,DePaul University,,1 E Jackson Blvd,Chicago,Illinois,60604,-87.62724,41.877618,,19344,21613,
145600,University of Illinois at Chicago,11348,320,370,19,144941,104027,18768,4051,"Graduate Assistants, total",3308,1135,507,530,725,University of Illinois at Chicago,UIC|U of I-Chicago|Illinois-Chicago|U of I-Medical Center|University of Illinois-Medical Center|,601 S Morgan,Chicago,Illinois,60607,-87.650503,41.871837,,23742,18768,
145637,Univ. of Illinois at Urbana-Champaign,10762,252,827,20,146393,102604,38965,7518,"Graduate Assistants, total",5627,2783,841,501,601,University of Illinois at Urbana-Champaign,Illinois|Illinios|Ilinois|Ilinios|Urbana|Champaign|Champagne|Champaign-Urbana|Champagne-Urbana|Urbana-Champaign|Urbana-Champagne|University of Illinois at Urbana|University of Illinois at Champaign|University of Illinois at Champagne|University of Illinois at Champaign-Urbana|University of Illinois at Champagne-Urbana|UIUC|UICU|University of Illinois at UC|University of Illinois at CU,601 E John Street,Champaign,Illinois,61820-5711,-88.229114,40.104718,11308,28773,38965,
145725,Illinois Institute of Technology,1213,0,87,12,139402,105724,4705,471,"Graduate Assistants, total",424,330,157,108,88,Illinois Institute of Technology,IIT,10 West 35th Street,Chicago,Illinois,60616,-87.627321,41.8313,,28903,4705,
147767,Northwestern University,10316,1176,454,6,208766,134788,37259,1903,"Graduate Assistants, total",1169,371,915,498,524,Northwestern University,,633 Clark St,Evanston,Illinois,60208,-87.679858,42.050356,,52239,37259,
151111,IUPUI,7941,542,100,17,109332,77913,11091,4093,"Graduate Assistants, total",717,0,531,574,939,Indiana University-Purdue University-Indianapolis,IUPUI,425 University Blvd,Indianapolis,Indiana,46202-5143,-86.172217,39.772948,9618,23208,11091,
151351,Indiana University,8925,465,456,17,127857,87507,41939,8001,"Graduate Assistants, total",2613,4,690,501,406,Indiana University-Bloomington,IU|IUB|IU Bloomington|,107 South Indiana Ave.,Bloomington,Indiana,47405-7000,-86.526559,39.16609,,30125,41939,
152080,University of Notre Dame,5967,290,239,10,180896,119155,19564,2051,"Graduate Assistants, total",1357,484,415,276,192,University of Notre Dame,Notre Dame | Fighting Irish | ND,400 Main Building,Notre Dame,Indiana,46556,-86.238959,41.703058,14890,50864,19564,
153603,Iowa State University,6301,521,352,19,128171,97155,19262,5944,"Graduate Assistants, total",2878,1466,506,404,424,Iowa State University,ISU,1750 Beardshear Hall,Ames,Iowa,50011-2103,-93.648504,42.026212,,22656,19262,
153658,University of Iowa,9926,295,464,16,138122,94337,27734,5027,"Graduate Assistants, total",2351,672,752,650,704,University of Iowa,Iowa|UI,101 Jessup Hall,Iowa City,Iowa,52242-1316,-91.536425,41.661935,,28163,27734,
155317,University of Kansas,8094,1006,353,17,125907,82735,14538,4153,"Graduate Assistants, total",1978,666,576,624,819,University of Kansas,"University of Kansas | Univ of Kansas | Kansas University | KU | Kansas Jayhawks | Univ of KS |University of KS | Kansas Univ | Kansas U, KUMC, University of Kansas Medical Center, KU Medical Center, Kansas University Medical Center","Strong Hall, 1450 Jayhawk Blvd, Room 230",Lawrence,Kansas,,,,,,,
155399,Kansas State University,4771,234,191,18,111256,84888,8517,3350,"Graduate Assistants, total",1491,655,268,294,282,Kansas State University,K-State,"919 Mid-Campus Drive, Anderson Hall",Manhattan,Kansas,66506,-96.581077,39.188648,9430,22483,,
156541,University of the Cumberlands,531,0,56,17,52348,46185,2301,433,"Graduate Assistants, total",41,0,49,85,56,University of the Cumberlands,Cumberland College,6191 College Station Drive,Williamsburg,Kentucky,40769,-84.161646,36.737048,9000,5670,2301,
157085,University of Kentucky,10501,333,326,17,123972,92572,18925,4855,"Graduate Assistants, total",1922,598,616,508,352,University of Kentucky,,South Limestone,Lexington,Kentucky,40506-0032,-84.504747,38.038911,,28861,18925,
157289,University of Louisville,6376,0,158,15,107471,75889,10987,2796,"Graduate Assistants, total",830,251,520,487,662,University of Louisville,,2301 S 3rd St,Louisville,Kentucky,40292-0001,-85.760412,38.216862,,25486,10987,
159391,Louisiana State University - Baton Rouge,6105,246,315,20,122244,85521,17907,4917,"Graduate Assistants, total",2163,868,440,290,316,Louisiana State University and Agricultural & Mechanical College,Louisiana State University|LSU,156 Thomas Boyd Hall,Baton Rouge,Louisiana,70803-2750,-91.178921,30.414986,,9132,17907,
159939,University of New Orleans,1115,11,43,22,86476,67509,3736,960,"Graduate Assistants, total",300,89,89,71,48,University of New Orleans,UNO,2000 Lakeshore Drive,New Orleans,Louisiana,70148,-90.067142,30.027704,,10660,3736,
160658,University of Louisiana - Lafayette,1899,41,63,24,109575,83181,10436,2982,"Graduate Assistants, total",487,170,149,136,160,University of Louisiana at Lafayette,UL Lafayette,104 University Circle,Lafayette,Louisiana,70503,-92.020165,30.212191,,19239,10436,
160755,Tulane University,4721,397,146,8,148189,92599,35622,1905,"Graduate Assistants, total",638,200,307,227,335,Tulane University of Louisiana,,6823 St. Charles Avenue,New Orleans,Louisiana,70118-5698,-90.122144,29.940069,,50920,35622,
161253,University of Maine,2328,20,58,16,109317,81792,13231,2299,"Graduate Assistants, total",639,123,170,120,134,University of Maine,,168 College Avenue,Orono,Maine,4469,-68.669332,44.899257,,25146,13231,
162928,Johns Hopkins University,17762,940,553,7,163409,112673,27156,1420,"Graduate Assistants, total",4077,1434,1065,763,1331,Johns Hopkins University,Johns Hopkins,3400 N Charles St,Baltimore,Maryland,21218-2688,-76.621595,39.328977,,52170,27156,
163268,Univ. of Maryland - Baltimore County,2092,141,88,18,121399,88310,11201,1772,"Graduate Assistants, total",613,257,163,151,113,University of Maryland-Baltimore County,UMBC,1000 Hilltop Circle,Baltimore,Maryland,21250,-76.711607,39.256686,,18846,11201,
163286,University of Maryland - College Park,9398,1635,567,18,155840,107853,33922,4156,"Graduate Assistants, total",4109,1640,735,426,326,University of Maryland-College Park,,,College Park,Maryland,20742,-76.944721,38.988178,,26532,33922,
164924,Boston College,3733,238,122,13,182904,118529,28454,2412,"Graduate Assistants, total",1108,285,283,275,195,Boston College,,140 Commonwealth Avenue,Chestnut Hill,Massachusetts,2467,-71.169242,42.336213,,28296,28454,
164988,Boston University,9219,626,509,10,181568,123690,60825,3498,"Graduate Assistants, total",2892,1069,669,498,735,Boston University,BU|Boston U,One Silber Way,Boston,Massachusetts,2215,-71.107942,42.351118,,50980,60825,
165015,Brandeis University,1638,184,86,10,146891,106410,11721,858,"Graduate Assistants, total",188,54,148,93,65,Brandeis University,,415 South St,Waltham,Massachusetts,02454-9110,-71.254716,42.364947,,48720,11721,
166027,Harvard University,17320,2266,718,7,226394,132561,39506,1687,"Graduate Assistants, total",2182,772,1225,177,256,Harvard University,,Massachusetts Hall,Cambridge,Massachusetts,2138,-71.118313,42.374471,,44816,39506,
166513,University of Massachusetts Lowell,1874,34,73,17,147710,112103,11181,2039,"Graduate Assistants, total",373,239,143,163,139,University of Massachusetts-Lowell,,1 University Ave,Lowell,Massachusetts,01854-5104,-71.326809,42.652864,,26370,11181,
166629,University of Massachusetts Amherst,5591,263,307,18,153362,109018,42043,4752,"Graduate Assistants, total",2463,1057,450,326,310,University of Massachusetts-Amherst,UMass Amherst,374 Whitmore Building 181 Presidents Drive,Amherst,Massachusetts,1003,-72.526728,42.385999,,27834,42043,
166638,University of Massachusetts Boston,2028,0,67,16,140773,108007,10507,1881,"Graduate Assistants, total",736,183,114,233,158,University of Massachusetts-Boston,,100 Morrissey Boulevard,Boston,Massachusetts,02125-3393,-71.036865,42.312881,,33915,10507,
166683,Massachusetts Institute of Technology,12842,4555,622,3,222819,147358,20247,1097,"Graduate Assistants, total",3328,1577,644,216,164,Massachusetts Institute of Technology,MIT |M.I.T.,77 Massachusetts Avenue,Cambridge,Massachusetts,02139-4307,-71.092115,42.360095,,49580,20247,
167358,Northeastern University,4047,22,228,14,178388,123819,54209,3108,"Graduate Assistants, total",1180,665,343,254,181,Northeastern University,,360 Huntington Ave,Boston,Massachusetts,02115-5005,-71.088782,42.339992,,23408,54209,
167987,University of Massachusetts-Dartmouth,1225,3,34,16,128490,100045,7959,1333,"Graduate Assistants, total",233,68,116,104,86,University of Massachusetts-Dartmouth,UMass Dartmouth,285 Old Westport Rd,North Dartmouth,Massachusetts,02747-2300,-71.004552,41.62869,,27880,7959,
168148,Tufts University,4427,482,139,9,152438,106430,21101,1410,"Graduate Assistants, total",1125,279,292,220,221,Tufts University,,,Medford,Massachusetts,02155-5555,-71.120316,42.408465,,49892,21101,
168421,Worcester Polytechnic Institute,1198,41,46,13,158002,111080,10331,1124,"Graduate Assistants, total",350,203,100,99,54,Worcester Polytechnic Institute,WPI,100 Institute Road,Worcester,Massachusetts,01609-2280,-71.808339,42.274853,,26226,10331,
170976,University of Michigan,21791,0,813,11,169386,112360,59886,6879,"Graduate Assistants, total",3898,1617,1697,997,1376,University of Michigan-Ann Arbor,U of Michigan|U of M|Univ of Michigan|U Michigan Ann Arbor|University of Michigan Ann Arbor,503 Thompson Street,Ann Arbor,Michigan,48109,-83.742769,42.275921,11198,45156,59886,
171100,Michigan State University,12063,533,552,16,151123,100762,36143,8366,"Graduate Assistants, total",3098,1145,911,705,912,Michigan State University,MSU|Spartans|MI State University|State|MI State U,,East Lansing,Michigan,48824-1046,-84.476111,42.73212,,34260,36143,
171128,Michigan Technological University,1473,139,88,13,116023,95484,5469,1323,"Graduate Assistants, total",432,271,116,131,92,Michigan Technological University,Michigan Tech|MTU|Michigan Tech University|Mich Tech|Michigan Technological Univ|Michigan Tech Univ|MT,1400 Townsend Drive,Houghton,Michigan,49931-1295,-88.548092,47.11866,,18252,5469,
171571,Oakland University,1982,6,43,20,111113,82151,10296,2456,"Graduate Assistants, total",353,120,128,243,193,Oakland University,Oakland|OU|O.U.,2200 North Squirrel Road,Rochester Hills,Michigan,48309-4401,-83.216418,42.674573,9910,24648,10296,
172644,Wayne State University,5494,791,265,14,130204,96235,15331,2653,"Graduate Assistants, total",823,374,469,466,490,Wayne State University,WSU,656 West Kirby Street,Detroit,Michigan,48202,-83.068998,42.358994,,33217,15331,
172699,Western Michigan University,2845,0,125,17,109610,82549,14263,3178,"Graduate Assistants, total",882,223,356,251,183,Western Michigan University,WMU,1903 W Michigan Ave,Kalamazoo,Michigan,49008-5200,-85.613759,42.282194,9848,28900,14263,
174066,University of Minnesota,16832,1559,702,17,140040,97916,43731,6201,"Graduate Assistants, total",5560,1700,1186,831,1138,University of Minnesota-Twin Cities,,100 Church Street SE,Minneapolis,Minnesota,55455-0213,-93.235464,44.972851,,25884,43731,
176017,University of Mississippi,11911,0,105,18,113671,86041,17416,3694,"Graduate Assistants, total",1279,327,436,454,623,University of Mississippi,Ole Miss,"Oxford, Mississippi",University,Mississippi,38677-1848,-89.537434,34.365529,,23454,,
176080,Mississippi State University,4547,88,176,20,105880,81510,13973,3435,"Graduate Assistants, total",1152,402,236,214,281,Mississippi State University,,Lee Boulevard,Mississippi State,Mississippi,39762,-88.790139,33.454852,,22248,13973,
176372,University of Southern Mississippi,2415,51,156,17,90689,69875,6372,1903,"Graduate Assistants, total",733,110,137,181,237,University of Southern Mississippi,,118 College Drive # 0001,Hattiesburg,Mississippi,39406-0001,-89.331236,31.32661,,8108,6372,
178396,University of Missouri,9010,317,500,18,120414,78073,16367,4134,"Graduate Assistants, total",2214,756,484,549,610,University of Missouri-Columbia,,105 Jesse Hall,Columbia,Missouri,65211-1050,-92.328843,38.94531,,23659,16367,
178402,University of Missouri - Kansas City,2779,16,122,14,108020,78163,5065,1244,"Graduate Assistants, total",500,163,183,252,201,University of Missouri-Kansas City,,5100 Rockhill Rd.,Kansas City,Missouri,64110,-94.582141,39.034179,,23067,5065,
178411,Missouri University of Technology,1365,24,88,19,125465,83090,3876,1426,"Graduate Assistants, total",603,419,131,122,113,Missouri University of Science and Technology,,1201 N. State St.,Rolla,Missouri,65409,-91.775583,37.953426,,28951,3876,
178420,University of Missouri-St Louis,1544,10,106,18,100186,70500,1970,482,"Graduate Assistants, total",309,87,123,143,150,University of Missouri-St Louis,,One University Boulevard,Saint Louis,Missouri,63121-4400,-90.311091,38.710312,,27494,1970,
179867,Washington University in St Louis,14288,913,288,8,195887,121226,30463,1778,"Graduate Assistants, total",1405,370,677,299,340,Washington University in St Louis,"WUSTL |Washington U |WashU |Washington, St. Louis |Washington University in St. Louis |Washington University, St. Louis |WashU |Wash-U |Wash U |Wash. U.",One Brookings Drive,Saint Louis,Missouri,63130-4899,-90.310604,38.647929,,,,
180461,Montana State University,2755,29,66,19,100914,76651,16769,3356,"Graduate Assistants, total",749,115,185,151,151,Montana State University,MSU,Montana State University,Bozeman,Montana,59717,-111.048812,45.666726,9250,16805,16769,
181394,University of Nebraska - Omaha,1725,11,40,17,94349,81161,9158,2100,"Graduate Assistants, total",349,77,136,154,128,University of Nebraska at Omaha,UNOMAHA,6001 Dodge St,Omaha,Nebraska,68182-0225,-96.008516,41.258769,9406,13824,9158,
181464,University of Nebraska,6136,330,299,21,127205,90538,14947,4905,"Graduate Assistants, total",2063,756,456,319,308,University of Nebraska-Lincoln,,14th and R St,Lincoln,Nebraska,68588,-96.700508,40.817598,,22425,14947,
182281,University of Nevada Las Vegas,4210,37,155,21,128339,95783,9872,4140,"Graduate Assistants, total",978,237,341,296,377,University of Nevada-Las Vegas,UNLV,4505 S Maryland Pky,Las Vegas,Nevada,89154,-115.138462,36.106047,,19332,9872,
182290,University of Nevada-Reno,3473,159,117,20,130513,93648,9721,3643,"Graduate Assistants, total",1013,307,187,200,257,University of Nevada-Reno,,North Virginia Street,Reno,Nevada,89557,-119.815377,39.543642,,19030,9721,
182670,Dartmouth College,3889,52,83,7,188163,122100,20035,1215,"Graduate Assistants, total",534,0,323,174,144,Dartmouth College,"Dartmouth, Big Green",207 Parkhurst Hall,Hanover,New Hampshire,03755-3529,-72.289949,43.704115,,51468,,
183044,University of New Hampshire,3041,114,62,18,132684,102934,19966,3019,"Graduate Assistants, total",701,56,198,232,189,University of New Hampshire-Main Campus,,"105 Main St., Thompson Hall",Durham,New Hampshire,03824-3547,-70.932465,43.135934,,27130,,
186131,Princeton University,6094,0,358,5,213769,129463,31056,1306,"Graduate Assistants, total",1255,616,486,95,195,Princeton University,,1 Nassau Hall,Princeton,New Jersey,08544-0070,-74.659365,40.348732,,47140,31056,
186399,Rutgers University,1794,73,77,15,163503,117086,13435,1325,"Graduate Assistants, total",225,104,191,149,165,Rutgers University-Newark,Rutgers University-Newark; Rutgers University; Newark; Rutgers; RU-Newark,"249 University Avenue, Blumenthal Hall",Newark,New Jersey,7102,-74.175809,40.739122,,28656,,
186867,Stevens Institute of Technology,954,57,56,10,144895,116576,8335,762,"Graduate Assistants, total",527,434,70,93,94,Stevens Institute of Technology,Stevens,Castle Point On Hudson,Hoboken,New Jersey,07030-5991,-74.025334,40.744776,,34494,8335,
187985,University of New Mexico,6839,169,195,16,108445,79069,11457,3219,"Graduate Assistants, total",1698,501,422,465,585,University of New Mexico-Main Campus,UNM,1700 Lomas Blvd NE,Albuquerque,New Mexico,87106,-106.620155,35.083868,9662,21962,11457,
188030,New Mexico State University,2876,46,103,17,95375,71753,8192,2042,"Graduate Assistants, total",973,367,214,197,199,New Mexico State University-Main Campus,NMSU,2850 Weddell Street,Las Cruces,New Mexico,88003-8001,-106.752069,32.281568,,15309,8192,
190150,Columbia University,17784,2105,570,6,223427,145614,37673,1474,"Graduate Assistants, total",2805,1331,1365,646,1477,Columbia University in the City of New York,Columbia University,West 116 St and Broadway,New York,New York,10027,-73.961885,40.808286,,44864,37673,
190415,Cornell University,10226,826,501,9,175682,124011,47039,3349,"Graduate Assistants, total",2579,1129,753,393,341,Cornell University,,300 Day Hall,Ithaca,New York,14853,-76.483084,42.4472,,29500,47039,
190576,CUNY,1069,13,431,6,154195,110230,,,"Graduate Assistants, total",1210,331,152,43,43,CUNY Graduate School and University Center,The Graduate Center | CUNY Graduate Center | The Graduate Center of the City University of New York,365 Fifth Ave,New York,New York,10016,-73.983822,40.748612,,21720,,
193900,New York University,19617,0,445,9,199416,114800,64007,6022,"Graduate Assistants, total",812,404,1444,1031,1594,New York University,,70 Washington Sq South,New York,New York,10012-1091,-73.997264,40.729452,,41352,64007,
194824,Rensselaer Polytechnic Institute,1757,155,122,13,148276,107482,19505,1663,"Graduate Assistants, total",747,63,186,90,68,Rensselaer Polytechnic Institute,"RPI, Rensselaer",110 8th St,Troy,New York,12180-3590,-73.676646,42.729978,,51000,,
195003,Rochester Institute of Technology,3664,29,25,13,129781,97759,20451,2758,"Graduate Assistants, total",703,420,243,279,202,Rochester Institute of Technology,RIT  |R.I.T.,1 Lomb Memorial Dr,Rochester,New York,14623-5603,-77.67386,43.084188,,43560,20451,
195030,University of Rochester,8415,433,249,10,163548,108605,19058,1550,"Graduate Assistants, total",290,99,633,580,724,University of Rochester,,Wilson Blvd. - Wallis Hall,Rochester,New York,14627-0011,-77.631202,43.126397,,38304,19058,
196060,University at Albany - SUNY,2714,3,167,19,113255,84207,24887,2814,"Graduate Assistants, total",720,222,162,218,201,SUNY at Albany,"University at Albany, SUNY",1400 Washington Avenue,Albany,New York,12222,-73.824662,42.685489,,22210,,
196079,Binghamton University,2448,19,150,19,116608,84679,33467,2736,"Graduate Assistants, total",862,343,182,193,263,Binghamton University,Binghamton University,4400 Vestal Parkway East,Vestal,New York,13850-6000,-75.966889,42.087868,,22210,33467,
196088,University at Buffalo,4875,29,343,13,123186,84073,27798,4179,"Graduate Assistants, total",1336,532,515,499,540,University at Buffalo,University at Buffalo|UB|State University of New York at Buffalo|SUNY Buffalo|University of Buffalo,12 Capen Hall,Buffalo,New York,14260-1660,-78.789458,43.000942,12477,22210,27798,
196097,Stony Brook University,4580,83,317,18,138159,95239,35313,3167,"Graduate Assistants, total",1120,577,512,437,684,Stony Brook University,SUNY Stony Brook |State University of New York at Stony Brook,310 Administration Building,Stony Brook,New York,11794,-73.12046,40.91476,,22210,35313,
196413,Syracuse University,4819,78,189,15,129381,97467,33099,3649,"Graduate Assistants, total",1153,477,413,333,337,Syracuse University,,900 South Crouse Ave.,Syracuse,New York,13244,-76.136975,43.040176,,36000,33099,
198419,Duke University,17799,1357,683,7,194531,125415,33077,1748,"Graduate Assistants, total",1598,0,1254,872,1150,Duke University,,103 Allen Bldg,Durham,North Carolina,27708,-78.937624,36.001135,,51480,33077,
199120,University of North Carolina at Chapel Hill,13199,1481,566,13,156626,103969,39650,4356,"Graduate Assistants, total",3438,602,660,424,298,University of North Carolina at Chapel Hill,,103 South Bldg Cb 9100,Chapel Hill,North Carolina,27599,-79.050969,35.911769,,27154,39650,
199139,UNC - Charlotte,3639,34,129,19,126496,89862,16696,3373,"Graduate Assistants, total",1243,521,231,297,220,University of North Carolina at Charlotte,UNC Charlotte,9201 University City Blvd,Charlotte,North Carolina,28223-0001,-80.730919,35.306022,,17771,16696,
199193,North Carolina State University,8946,384,538,13,126602,91357,26980,4797,"Graduate Assistants, total",3252,1302,662,484,390,North Carolina State University at Raleigh,NC State University | NC State | N C State University | N C State | NCSU,2101 Hillsborough Street,Raleigh,North Carolina,27695-7001,-78.674517,35.785111,,23967,26980,
201645,Case Western Reserve University,4470,561,206,11,145840,97987,25380,1309,"Graduate Assistants, total",842,312,478,314,285,Case Western Reserve University,Case|CWRU|Case Western Reserve,10900 Euclid Ave,Cleveland,Ohio,44106,-81.609596,41.507419,,43854,25380,
201885,University of Cincinnati,6795,191,233,16,124851,86559,21593,5400,"Graduate Assistants, total",1822,698,569,612,822,University of Cincinnati-Main Campus,,2624 Clifton Avenue,Cincinnati,Ohio,45221-0063,-84.51428,39.131159,,24532,21593,
202480,University of Dayton,2735,0,39,15,115718,85210,15942,2226,"Graduate Assistants, total",299,68,130,165,118,University of Dayton,,300 College Park,Dayton,Ohio,45469,-84.176113,39.739547,,16182,15942,
203517,Kent State University,3669,0,170,20,109599,86401,15538,4292,"Graduate Assistants, total",1014,322,216,327,276,Kent State University at Kent,,"Executive Office, 2nd Floor Library",Kent,Ohio,44242-0001,-81.342533,41.146653,,20396,,
204796,Ohio State University,30336,103,818,19,141931,95110,47782,7209,"Graduate Assistants, total",4229,1632,1200,1106,1589,Ohio State University-Main Campus,,190 N. Oval Mall,Columbus,Ohio,43210,-83.014853,39.999324,12292,33032,47782,
204796,OHSU,30336,103,818,19,141931,95110,47782,7209,"Graduate Assistants, total",4229,1632,1200,1106,1589,Ohio State University-Main Campus,,190 N. Oval Mall,Columbus,Ohio,43210,-83.014853,39.999324,12292,33032,47782,
204857,Ohio University,3824,0,137,17,108943,84176,26263,4049,"Graduate Assistants, total",1670,582,249,301,255,Ohio University-Main Campus,,020 Chubb Hall,Athens,Ohio,45701-2979,-82.100985,39.326798,,17436,26263,
206084,University of Toledo,3115,63,113,21,103681,86089,10946,3228,"Graduate Assistants, total",861,392,195,213,143,University of Toledo,,2801 W Bancroft,Toledo,Ohio,43606-3390,-83.614714,41.660572,,23766,10946,
207388,Oklahoma State University,5105,103,223,20,109578,83663,13635,4220,"Graduate Assistants, total",1778,702,312,270,266,Oklahoma State University-Main Campus,,107 Whitehurst,Stillwater,Oklahoma,74078-1015,-97.069743,36.123085,,20381,13635,
207500,University of Oklahoma,5626,383,213,18,119621,82843,15579,4473,"Graduate Assistants, total",1804,562,376,316,310,University of Oklahoma-Norman Campus,University of Oklahoma|Oklahoma University|OU|Oklahoma,660 Parrington Oval,Norman,Oklahoma,73019-3072,-97.444211,35.209407,,19778,15579,
207971,University of Tulsa,1257,0,43,11,121512,87241,7869,743,"Graduate Assistants, total",329,107,123,106,95,University of Tulsa,Tulsa University,800 South Tucker Drive,Tulsa,Oklahoma,74104-3189,-95.945941,36.152324,,22230,7869,
209542,Oregon State University,5555,631,259,18,123334,95584,14888,3819,"Graduate Assistants, total",1909,573,358,290,330,Oregon State University,,1500 SW Jefferson Avenue,Corvallis,Oregon,97331,-123.274723,44.56395,,22761,14888,
209551,University of Oregon,4667,322,200,17,131726,96353,20317,3938,"Graduate Assistants, total",1408,265,289,294,180,University of Oregon,UO,110 Johnson Hall,Eugene,Oregon,97403,-123.075792,44.045146,12450,25515,20317,
209807,Portland State University,2730,97,78,20,108800,83751,6815,1929,"Graduate Assistants, total",726,166,231,221,235,Portland State University,,724 SW Harrison,Portland,Oregon,97201,-122.686289,45.511601,,21780,6815,
211440,Carnegie Mellon University,5234,144,288,10,160803,109909,20497,1676,"Graduate Assistants, total",3008,1792,417,237,225,Carnegie Mellon University,Carnegie Mellon; CMU,5000 Forbes Avenue,Pittsburgh,Pennsylvania,15213-3890,-79.941993,40.44357,,42563,20497,
212054,Drexel University,4986,92,226,11,156583,114343,28454,3274,"Graduate Assistants, total",1085,359,269,248,166,Drexel University,Drexel,3141 Chestnut St,Philadelphia,Pennsylvania,19104,-75.190051,39.955217,,33156,28454,
214777,Pennsylvania State University,13850,670,695,16,151488,103949,56114,7863,"Graduate Assistants, total",3592,1617,852,583,550,Pennsylvania State University-Main Campus,Penn State,201 Old Main,University Park,Pennsylvania,16802-1503,-77.862848,40.7965,,35586,56114,
215062,University of Pennsylvania,17435,1481,585,6,217411,140052,40413,2456,"Graduate Assistants, total",81,4,909,335,369,University of Pennsylvania,"Penn, U of PA, U-Penn, U of P, Pennsylvania, UPenn, Pennsylvania University, University of Pennsylvania, Wharton, Wharton School of Business",,,,,,,,,,
215293,University of Pittsburgh,12224,805,416,14,147948,98065,27679,4019,"Graduate Assistants, total",1932,838,1018,983,1639,University of Pittsburgh-Pittsburgh Campus,,4200 Fifth Avenue,Pittsburgh,Pennsylvania,15260,-79.953254,40.444388,,36980,27679,
216339,Temple University,7542,0,274,14,141607,96733,35880,5171,"Graduate Assistants, total",1010,393,593,635,939,Temple University,,1801 North Broad Street,Philadelphia,Pennsylvania,19122-6096,-75.156859,39.980546,,22158,35880,
217156,Brown University,4163,414,210,7,181173,118025,32723,1637,"Graduate Assistants, total",909,276,405,140,149,Brown University,,One Prospect Street,Providence,Rhode Island,2912,-71.40385,41.82617,,52231,32723,
217882,Clemson University,4993,220,231,16,132467,94613,26242,3650,"Graduate Assistants, total",2033,641,348,287,277,Clemson University,,201 Sikes Hall,Clemson,South Carolina,29634,-82.835114,34.679381,,19528,26242,
218663,University of South Carolina,6520,66,317,17,134035,92822,26015,5879,"Graduate Assistants, total",2437,621,452,490,497,University of South Carolina-Columbia,,Columbia-Campus,Columbia,South Carolina,29208,-81.026935,33.996788,,27968,26015,
220862,University of Memphis,2796,33,162,14,115892,79458,13741,2669,"Graduate Assistants, total",1139,272,215,242,270,University of Memphis,,Southern Avenue,Memphis,Tennessee,38152,-89.938068,35.118878,,17838,13741,
221999,Vanderbilt University,5765,313,337,7,188019,112570,31462,1607,"Graduate Assistants, total",1335,317,440,261,267,Vanderbilt University,,2101 West End Avenue,Nashville,Tennessee,37240,-86.803369,36.14659,,45840,31462,
225511,University of Houston,5239,102,358,22,149087,98276,20768,4959,"Graduate Assistants, total",2209,1299,414,350,253,University of Houston,,212 E. Cullen Building,Houston,Texas,77204-2018,-95.343537,29.720393,,17334,20768,
225627,University of the Incarnate Word,1217,0,29,13,87122,75806,4149,808,"Graduate Assistants, total",29,3,72,106,137,University of the Incarnate Word,"UIW|Incarnate Word|Incarnate|Incarnate Word, University of|Incarnate Word, Univ of|Univ. of the Incarnate Word",4301 Broadway,San Antonio,Texas,78209,-98.46583,29.46708,,,,
227216,University of North Texas,3676,69,268,26,129096,97305,18650,4992,"Graduate Assistants, total",1546,184,325,288,154,University of North Texas,UNT|North Texas|Mean Grean,1501 W.Chestnut Ave.,Denton,Texas,76203-1277,-97.148422,33.211178,9406,12920,18650,
228246,Southern Methodist University,2483,75,89,11,165705,110155,13128,1423,"Graduate Assistants, total",374,184,219,163,97,Southern Methodist University,SMU,6425 Boaz St,Dallas,Texas,75275-0221,-96.784855,32.845254,,40896,13128,
228723,Texas A&M University,10058,382,761,21,142677,97740,36669,11639,"Graduate Assistants, total",3644,1596,1118,715,635,Texas A & M University-College Station,Texas A&M | TAMU,"JKW Administration Building, Suite 200",College Station,Texas,77843-1248,-96.336475,30.618726,10368,16461,,
229115,Texas Tech University,4912,130,358,20,121923,87324,25207,5883,"Graduate Assistants, total",2253,916,394,386,385,Texas Tech University,,Broadway and University Avenue,Lubbock,Texas,79409-5005,-101.874783,33.583448,,13068,25207,
230038,Brigham Young University,4588,47,93,20,120009,92465,12858,5440,"Graduate Assistants, total",1493,179,400,492,351,Brigham Young University-Provo,BYU,Main Campus,Provo,Utah,84602,-111.649281,40.250851,7530,6880,12858,
230728,Utah State University,3346,27,95,20,105175,83369,15555,4242,"Graduate Assistants, total",934,173,257,262,297,Utah State University,,Old Main Hill,Logan,Utah,84322-1400,-111.81391,41.740748,,19564,15555,
230764,University of Utah,12415,1288,339,16,133298,93110,22400,4119,"Graduate Assistants, total",2532,816,518,319,279,University of Utah,The U,"201 Presidents Circle, ROOM 201",Salt Lake City,Utah,84112-9008,-111.846044,40.762484,,23740,,
231174,University of Vermont,3758,162,69,16,119696,90726,21991,2642,"Graduate Assistants, total",458,36,308,345,354,University of Vermont,University of Vermont and State Agricultural College |UVM |UVT |Vermont,85 S Prospect St,Burlington,Vermont,05405-0160,-73.196646,44.477325,,39120,21991,
231624,College of William and Mary,2537,33,85,11,133921,100910,14921,1531,"Graduate Assistants, total",665,140,250,187,169,College of William and Mary,William & Mary,200 Richmond Road,Williamsburg,Virginia,23187-8795,-76.708214,37.269489,,25920,14921,
232186,George Mason University,4391,172,283,16,138949,93701,18993,3489,"Graduate Assistants, total",1385,482,363,445,402,George Mason University,Mason,4400 University Dr,Fairfax,Virginia,22030-4444,-77.307428,38.829976,,30932,18993,
232982,Old Dominion University,2779,26,155,18,106466,76884,11159,2938,"Graduate Assistants, total",566,192,218,220,172,Old Dominion University,"ODU, Old Dominion",5115 Hampton Blvd,Norfolk,Virginia,23529,-76.30666,36.886418,,26820,,
233921,Virginia Tech,7842,817,516,14,137265,97297,27423,6836,"Graduate Assistants, total",3418,1471,576,507,491,Virginia Polytechnic Institute and State University,Virginia Tech,"210 Burruss Hall, 800 Drillfield Dr.",Blacksburg,Virginia,24061-0131,-80.423675,37.229012,,26069,,
234030,Virginia Commonwealth University,6460,323,306,18,126173,86861,15248,4130,"Graduate Assistants, total",1105,221,442,581,902,Virginia Commonwealth University,VCU,910 W Franklin St,Richmond,Virginia,23284-2512,-77.453597,37.547631,,23487,15248,
234076,University of Virginia-Main Campus,9214,362,361,15,170715,116397,36779,3788,"Graduate Assistants, total",1641,591,769,644,723,University of Virginia-Main Campus,University of Virginia |UVa |UVA,1827 University Avenue,Charlottesville,Virginia,22903-2628,-78.503428,38.035665,,26048,36779,
236939,Washington State University,6256,334,315,15,122504,87422,22565,4612,"Graduate Assistants, total",1766,689,334,308,241,Washington State University,,French Administration Building,Pullman,Washington,99164-5910,-117.158168,46.730448,,24656,22565,
236948,University of Washington-Seattle Campus,17029,2610,624,19,144302,108648,44877,6793,"Graduate Assistants, total",2670,718,1317,907,934,University of Washington-Seattle Campus,"UW-Seattle, UDub, UW, Washington",1400 NE Campus Parkway,Seattle,Washington,98195-4550,-122.30514,47.65538,,,,
238032,West Virginia University,5926,81,239,20,118710,80749,20594,5225,"Graduate Assistants, total",1573,549,432,425,436,West Virginia University,,PO Box 6201,Morgantown,West Virginia,26506,-79.954391,39.634371,,24390,20594,
240444,University of Wisconsin-Madison,15074,1144,873,18,127519,94586,35596,6609,"Graduate Assistants, total",5003,1705,1505,727,943,University of Wisconsin-Madison,,500 Lincoln Dr,Madison,Wisconsin,53706-1380,-89.404098,43.075409,,24054,35596,
240453,University of Wisconsin-Milwaukee,2979,83,180,18,102382,78459,10232,3233,"Graduate Assistants, total",1129,406,233,355,174,University of Wisconsin-Milwaukee,UWM,2200 E Kenwood Blvd,Milwaukee,Wisconsin,53211,-87.880488,43.076848,,23424,10232,
240727,University of Wyoming,2710,183,106,15,117047,82044,4306,1696,"Graduate Assistants, total",904,299,191,205,136,University of Wyoming,UW,Corner of Ninth and Ivinson,Laramie,Wyoming,82071,-105.57931,41.311773,,13500,4306,
243744,Stanford University,15619,1635,752,12,244530,157690,44073,1700,"Graduate Assistants, total",3422,1388,1198,419,435,Stanford University,,,Stanford,California,94305,-122.167359,37.429434,,48987,44073,
243780,Purdue University,10489,476,746,13,139863,101222,49354,7728,"Graduate Assistants, total",4954,2706,767,483,503,Purdue University-Main Campus,Purdue-West Lafayette|Purdue|PU|Purdue-WL,Hovde Hall of Administration,West Lafayette,Indiana,47907-2040,-86.914435,40.428206,,28010,49354,